Vatanda_lık ülkesine göre Türkiye'ye gelen ve Türkiye'den giden göç, 2016-2021;;;;;;;;;;;;;;;;;;;;;;;;;;;;;;;;;;;;;
Immigrants and emigrants by country of citizenship, 2016-2021;;;;;;;;;;;;;;;;;;;;;;;;;;;;;;;;;;;;;
[31 Aralık tarihi itibarıyla-As of 31 December];;;;;;;;;;;;;;;;;;;;;;;;;;;;;;;;;;;;;
"Yıl
Year";"Vatanda_lık ülkesi
Country of citizenship";"Türkiye'ye gelen göç
Immigrants";;;;"Türkiye'den giden göç
Emigrants";;;"Net göç
Net migration";;;;;;;;;;;;;;;;;;;;;;;;;;;;
;;"Toplam
Total";"Erkek
Male";"Kadın
Female";;"Toplam
Total";"Erkek
Male";"Kadın
Female";;;;;;;;;;;;;;;;;;;;;;;;;;;;;
2021;Toplam-Total; 739 364; 383 984; 355 380;; 287 651; 160 216; 127 435; 451 713;;;;;;;;;;;;;;;;;;;;;;;;;;;;
;"Türk vatanda_ları
Turkish citizens"; 124 269; 70 286; 53 983;; 103 613; 61 585; 42 028; 20 656;;;;;;;;;;;;;;;;;;;;;;;;;;;;
;Yabancı uyruklular-Foreign nationals; 615 095; 313 698; 301 397;; 184 038; 98 631; 85 407; 431 057;;;;;;;;;;;;;;;;;;;;;;;;;;;;
;Irak-Iraq; 74 336; 39 557; 34 779;; 40 124; 22 283; 17 841; 34 212;;;;;;;;;;;;;;;;;;;;;;;;;;;;
;_ran-Iran; 66 984; 33 758; 33 226;; 10 267; 5 564; 4 703; 56 717;;;;;;;;;;;;;;;;;;;;;;;;;;;;
;Özbekistan-Uzbekistan; 39 999; 15 290; 24 709;; 7 705; 2 754; 4 951; 32 294;;;;;;;;;;;;;;;;;;;;;;;;;;;;
;Suriye-Syria; 37 044; 18 964; 18 080;; 9 515; 5 418; 4 097; 27 529;;;;;;;;;;;;;;;;;;;;;;;;;;;;
;Afganistan-Afghanistan; 34 069; 21 001; 13 068;; 12 321; 7 699; 4 622; 21 748;;;;;;;;;;;;;;;;;;;;;;;;;;;;
;Rusya Federasyonu-Russian Federation; 31 463; 13 348; 18 115;; 7 184; 2 959; 4 225; 24 279;;;;;;;;;;;;;;;;;;;;;;;;;;;;
;Azerbaycan-Azerbaijan; 27 066; 14 315; 12 751;; 7 380; 3 958; 3 422; 19 686;;;;;;;;;;;;;;;;;;;;;;;;;;;;
;Türkmenistan-Turkmenistan; 24 465; 13 635; 10 830;; 8 969; 5 140; 3 829; 15 496;;;;;;;;;;;;;;;;;;;;;;;;;;;;
;Kazakistan-Kazakhstan; 20 151; 8 452; 11 699;; 3 132; 1 327; 1 805; 17 019;;;;;;;;;;;;;;;;;;;;;;;;;;;;
;Somali-Somalia; 15 433; 8 201; 7 232;; 4 837; 2 673; 2 164; 10 596;;;;;;;;;;;;;;;;;;;;;;;;;;;;
;Mısır-Egypt; 13 407; 7 536; 5 871;; 5 219; 3 428; 1 791; 8 188;;;;;;;;;;;;;;;;;;;;;;;;;;;;
;Almanya-Germany; 13 184; 7 017; 6 167;; 3 939; 1 890; 2 049; 9 245;;;;;;;;;;;;;;;;;;;;;;;;;;;;
;Filistin-Palestine; 13 076; 8 145; 4 931;; 3 274; 2 141; 1 133; 9 802;;;;;;;;;;;;;;;;;;;;;;;;;;;;
;Libya-Libya; 11 991; 6 823; 5 168;; 6 718; 4 179; 2 539; 5 273;;;;;;;;;;;;;;;;;;;;;;;;;;;;
;Pakistan-Pakistan; 11 900; 8 074; 3 826;; 2 041; 1 439;  602; 9 859;;;;;;;;;;;;;;;;;;;;;;;;;;;;
;Kırgızistan-Kyrgyzstan; 11 786; 3 650; 8 136;; 3 045;  865; 2 180; 8 741;;;;;;;;;;;;;;;;;;;;;;;;;;;;
;Ürdün-Jordan; 11 734; 7 193; 4 541;; 3 156; 1 950; 1 206; 8 578;;;;;;;;;;;;;;;;;;;;;;;;;;;;
;Fas-Morocco; 9 716; 3 101; 6 615;; 1 937;  656; 1 281; 7 779;;;;;;;;;;;;;;;;;;;;;;;;;;;;
;Ukrayna-Ukraine; 8 545; 2 494; 6 051;; 2 533;  611; 1 922; 6 012;;;;;;;;;;;;;;;;;;;;;;;;;;;;
;Lübnan-Lebanon; 8 517; 4 640; 3 877;; 1 357;  788;  569; 7 160;;;;;;;;;;;;;;;;;;;;;;;;;;;;
;Sudan-Sudan; 6 925; 3 806; 3 119;;  587;  348;  239; 6 338;;;;;;;;;;;;;;;;;;;;;;;;;;;;
;Yemen-Yemen; 6 864; 4 254; 2 610;; 3 819; 2 514; 1 305; 3 045;;;;;;;;;;;;;;;;;;;;;;;;;;;;
;Gürcistan-Georgia; 6 248; 1 897; 4 351;; 3 041;  596; 2 445; 3 207;;;;;;;;;;;;;;;;;;;;;;;;;;;;
;Nijerya-Nigeria; 5 973; 4 774; 1 199;; 1 179;  936;  243; 4 794;;;;;;;;;;;;;;;;;;;;;;;;;;;;
;Endonezya-Indonesia; 5 723; 1 795; 3 928;;  870;  326;  544; 4 853;;;;;;;;;;;;;;;;;;;;;;;;;;;;
;Amerika Birle_ik Devletleri-United States; 5 462; 2 935; 2 527;; 1 981; 1 024;  957; 3 481;;;;;;;;;;;;;;;;;;;;;;;;;;;;
;Cezayir-Algeria; 5 438; 2 608; 2 830;; 1 131;  633;  498; 4 307;;;;;;;;;;;;;;;;;;;;;;;;;;;;
;Çin-China; 5 239; 3 897; 1 342;; 1 813; 1 414;  399; 3 426;;;;;;;;;;;;;;;;;;;;;;;;;;;;
;Tacikistan-Tajikistan; 4 746; 2 645; 2 101;;  722;  410;  312; 4 024;;;;;;;;;;;;;;;;;;;;;;;;;;;;
;Birle_ik Krallık-United Kingdom; 4 740; 2 561; 2 179;; 2 377; 1 209; 1 168; 2 363;;;;;;;;;;;;;;;;;;;;;;;;;;;;
;Etiyopya-Ethiopia; 4 399; 2 302; 2 097;;  858;  534;  324; 3 541;;;;;;;;;;;;;;;;;;;;;;;;;;;;
;Tunus-Tunisia; 3 412; 1 472; 1 940;;  496;  201;  295; 2 916;;;;;;;;;;;;;;;;;;;;;;;;;;;;
;Haiti-Haiti; 3 023; 2 151;  872;;  113;  78;  35; 2 910;;;;;;;;;;;;;;;;;;;;;;;;;;;;
;Kuveyt-Kuwait; 3 008; 1 680; 1 328;; 1 091;  633;  458; 1 917;;;;;;;;;;;;;;;;;;;;;;;;;;;;
;Avusturya-Austria; 2 130; 1 223;  907;;  444;  224;  220; 1 686;;;;;;;;;;;;;;;;;;;;;;;;;;;;
;Moldova-Moldova; 1 945;  480; 1 465;;  806;  172;  634; 1 139;;;;;;;;;;;;;;;;;;;;;;;;;;;;
;Kanada-Canada; 1 932; 1 029;  903;;  508;  288;  220; 1 424;;;;;;;;;;;;;;;;;;;;;;;;;;;;
;_sveç-Sweden; 1 917; 1 079;  838;;  564;  301;  263; 1 353;;;;;;;;;;;;;;;;;;;;;;;;;;;;
;Belarus-Belarus; 1 820;  591; 1 229;;  342;  58;  284; 1 478;;;;;;;;;;;;;;;;;;;;;;;;;;;;
;Hindistan-India; 1 716; 1 202;  514;;  624;  479;  145; 1 092;;;;;;;;;;;;;;;;;;;;;;;;;;;;
;Uganda-Uganda; 1 640;  400; 1 240;;  184;  82;  102; 1 456;;;;;;;;;;;;;;;;;;;;;;;;;;;;
;Fransa-France; 1 612;  846;  766;;  613;  329;  284;  999;;;;;;;;;;;;;;;;;;;;;;;;;;;;
;Cibuti-Djibouti; 1 588;  783;  805;;  529;  277;  252; 1 059;;;;;;;;;;;;;;;;;;;;;;;;;;;;
;Hollanda-Netherlands; 1 523;  875;  648;;  620;  342;  278;  903;;;;;;;;;;;;;;;;;;;;;;;;;;;;
;Tayland-Thailand; 1 349;  240; 1 109;;  253;  64;  189; 1 096;;;;;;;;;;;;;;;;;;;;;;;;;;;;
;Sierra Leone-Sierra Leone; 1 278;  861;  417;;  20;  14;  6; 1 258;;;;;;;;;;;;;;;;;;;;;;;;;;;;
;Bulgaristan-Bulgaria; 1 257;  439;  818;;  496;  160;  336;  761;;;;;;;;;;;;;;;;;;;;;;;;;;;;
;Kamerun-Cameroon; 1 207;  742;  465;;  226;  141;  85;  981;;;;;;;;;;;;;;;;;;;;;;;;;;;;
;Filipinler-Philippines; 1 203;  138; 1 065;;  490;  54;  436;  713;;;;;;;;;;;;;;;;;;;;;;;;;;;;
;Senegal-Senegal; 1 200;  978;  222;;  159;  127;  32; 1 041;;;;;;;;;;;;;;;;;;;;;;;;;;;;
;Angola-Angola; 1 183;  722;  461;;  107;  71;  36; 1 076;;;;;;;;;;;;;;;;;;;;;;;;;;;;
;Kenya-Kenya; 1 177;  582;  595;;  221;  115;  106;  956;;;;;;;;;;;;;;;;;;;;;;;;;;;;
;Mo_olistan-Mongolia; 1 018;  421;  597;;  225;  111;  114;  793;;;;;;;;;;;;;;;;;;;;;;;;;;;;
;Arnavutluk-Albania;  914;  393;  521;;  378;  191;  187;  536;;;;;;;;;;;;;;;;;;;;;;;;;;;;
;_srail-Israel;  884;  502;  382;;  183;  118;  65;  701;;;;;;;;;;;;;;;;;;;;;;;;;;;;
;Güney Kore-South Korea;  858;  464;  394;;  659;  358;  301;  199;;;;;;;;;;;;;;;;;;;;;;;;;;;;
;Çad-Chad;  819;  614;  205;;  150;  134;  16;  669;;;;;;;;;;;;;;;;;;;;;;;;;;;;
;Kongo Demokratik Cumhuriyeti-Democratic Republic of the Congo;  812;  383;  429;;  101;  66;  35;  711;;;;;;;;;;;;;;;;;;;;;;;;;;;;
;Moritanya-Mauritania;  808;  569;  239;;  124;  87;  37;  684;;;;;;;;;;;;;;;;;;;;;;;;;;;;
;Nepal-Nepal;  804;  377;  427;;  475;  233;  242;  329;;;;;;;;;;;;;;;;;;;;;;;;;;;;
;_talya-Italy;  767;  478;  289;;  368;  239;  129;  399;;;;;;;;;;;;;;;;;;;;;;;;;;;;
;Norveç-Norway;  759;  427;  332;;  343;  167;  176;  416;;;;;;;;;;;;;;;;;;;;;;;;;;;;
;Yunanistan-Greece;  748;  345;  403;;  261;  144;  117;  487;;;;;;;;;;;;;;;;;;;;;;;;;;;;
;Kosova-Kosovo;  715;  305;  410;;  286;  155;  131;  429;;;;;;;;;;;;;;;;;;;;;;;;;;;;
;Romanya-Romania;  700;  228;  472;;  331;  126;  205;  369;;;;;;;;;;;;;;;;;;;;;;;;;;;;
;Danimarka-Denmark;  693;  400;  293;;  319;  171;  148;  374;;;;;;;;;;;;;;;;;;;;;;;;;;;;
;Eritre-Eritrea;  597;  320;  277;;  187;  107;  80;  410;;;;;;;;;;;;;;;;;;;;;;;;;;;;
;Gine-Guinea;  597;  454;  143;;  85;  72;  13;  512;;;;;;;;;;;;;;;;;;;;;;;;;;;;
;Banglade_-Bangladesh;  591;  399;  192;;  215;  167;  48;  376;;;;;;;;;;;;;;;;;;;;;;;;;;;;
;Ermenistan-Armenia;  544;  159;  385;;  206;  53;  153;  338;;;;;;;;;;;;;;;;;;;;;;;;;;;;
;Kuzey Makedonya-North Macedonia;  542;  213;  329;;  246;  122;  124;  296;;;;;;;;;;;;;;;;;;;;;;;;;;;;
;Suudi Arabistan-Saudi Arabia;  533;  316;  217;; 1 727; 1 058;  669;- 1 194;;;;;;;;;;;;;;;;;;;;;;;;;;;;
;Gana-Ghana;  532;  336;  196;;  155;  121;  34;  377;;;;;;;;;;;;;;;;;;;;;;;;;;;;
;Brezilya-Brazil;  528;  224;  304;;  210;  100;  110;  318;;;;;;;;;;;;;;;;;;;;;;;;;;;;
;Polonya-Poland;  524;  184;  340;;  201;  66;  135;  323;;;;;;;;;;;;;;;;;;;;;;;;;;;;
;Bosna Hersek-Bosnia and Herzegovina;  518;  205;  313;;  162;  71;  91;  356;;;;;;;;;;;;;;;;;;;;;;;;;;;;
;Gambiya-Gambia;  515;  384;  131;;  101;  80;  21;  414;;;;;;;;;;;;;;;;;;;;;;;;;;;;
;Kotdivuar-Côte d'Ivoire;  513;  328;  185;;  84;  58;  26;  429;;;;;;;;;;;;;;;;;;;;;;;;;;;;
;_spanya-Spain;  504;  263;  241;;  222;  121;  101;  282;;;;;;;;;;;;;;;;;;;;;;;;;;;;
;Katar-Qatar;  502;  327;  175;;  285;  205;  80;  217;;;;;;;;;;;;;;;;;;;;;;;;;;;;
;Avustralya-Australia;  496;  265;  231;;  197;  102;  95;  299;;;;;;;;;;;;;;;;;;;;;;;;;;;;
;Tanzanya-Tanzania;  490;  145;  345;;  68;  45;  23;  422;;;;;;;;;;;;;;;;;;;;;;;;;;;;
;Mali-Mali;  460;  335;  125;;  73;  61;  12;  387;;;;;;;;;;;;;;;;;;;;;;;;;;;;
;Gabon-Gabon;  437;  228;  209;;  20;  16;  4;  417;;;;;;;;;;;;;;;;;;;;;;;;;;;;
;Kolombiya-Colombia;  436;  183;  253;;  100;  49;  51;  336;;;;;;;;;;;;;;;;;;;;;;;;;;;;
;Belçika-Belgium;  407;  216;  191;;  238;  121;  117;  169;;;;;;;;;;;;;;;;;;;;;;;;;;;;
;Malezya-Malaysia;  406;  207;  199;;  201;  128;  73;  205;;;;;;;;;;;;;;;;;;;;;;;;;;;;
;Zimbabve-Zimbabwe;  390;  223;  167;;  46;  19;  27;  344;;;;;;;;;;;;;;;;;;;;;;;;;;;;
;Bahreyn-Bahrain;  371;  191;  180;;  72;  44;  28;  299;;;;;;;;;;;;;;;;;;;;;;;;;;;;
;Güney Afrika Cumhuriyeti-Republic of South Africa;  359;  191;  168;;  243;  153;  90;  116;;;;;;;;;;;;;;;;;;;;;;;;;;;;
;Komorlar-The Comoros;  348;  218;  130;;  30;  23;  7;  318;;;;;;;;;;;;;;;;;;;;;;;;;;;;
;Sırbistan-Serbia;  345;  136;  209;;  143;  66;  77;  202;;;;;;;;;;;;;;;;;;;;;;;;;;;;
;Japonya-Japan;  334;  170;  164;;  207;  93;  114;  127;;;;;;;;;;;;;;;;;;;;;;;;;;;;
;_sviçre-Switzerland;  310;  175;  135;;  127;  70;  57;  183;;;;;;;;;;;;;;;;;;;;;;;;;;;;
;Kuzey Kıbrıs Türk Cumhuriyeti-Turkish Republic Of North Cyprus;  308;  155;  153;;  33;  18;  15;  275;;;;;;;;;;;;;;;;;;;;;;;;;;;;
;Togo-Togo;  292;  247;  45;;  35;  31;  4;  257;;;;;;;;;;;;;;;;;;;;;;;;;;;;
;Finlandiya-Finland;  286;  131;  155;;  163;  71;  92;  123;;;;;;;;;;;;;;;;;;;;;;;;;;;;
;_rlanda-Ireland;  268;  137;  131;;  136;  60;  76;  132;;;;;;;;;;;;;;;;;;;;;;;;;;;;
;Nijer-Niger;  234;  163;  71;;  48;  30;  18;  186;;;;;;;;;;;;;;;;;;;;;;;;;;;;
;Meksika-Mexico;  229;  84;  145;;  70;  42;  28;  159;;;;;;;;;;;;;;;;;;;;;;;;;;;;
;Umman-Oman;  222;  130;  92;;  27;  18;  9;  195;;;;;;;;;;;;;;;;;;;;;;;;;;;;
;Birle_ik Arap Emirlikleri-United Arab Emirates;  211;  114;  97;;  66;  39;  27;  145;;;;;;;;;;;;;;;;;;;;;;;;;;;;
;Kongo-Congo;  206;  137;  69;;  25;  11;  14;  181;;;;;;;;;;;;;;;;;;;;;;;;;;;;
;Dominika-Dominica;  201;  130;  71;;  49;  33;  16;  152;;;;;;;;;;;;;;;;;;;;;;;;;;;;
;Macaristan-Hungary;  190;  69;  121;;  60;  22;  38;  130;;;;;;;;;;;;;;;;;;;;;;;;;;;;
;Litvanya-Lithuania;  188;  52;  136;;  85;  20;  65;  103;;;;;;;;;;;;;;;;;;;;;;;;;;;;
;Çekya-Czechia;  167;  76;  91;;  61;  24;  37;  106;;;;;;;;;;;;;;;;;;;;;;;;;;;;
;Arjantin-Argentina;  160;  78;  82;;  30;  15;  15;  130;;;;;;;;;;;;;;;;;;;;;;;;;;;;
;Gine-Bissau-Guinea-Bissau;  158;  106;  52;;  19;  13;  6;  139;;;;;;;;;;;;;;;;;;;;;;;;;;;;
;Portekiz-Portugal;  158;  92;  66;;  52;  34;  18;  106;;;;;;;;;;;;;;;;;;;;;;;;;;;;
;Venezuela-Venezuela;  155;  70;  85;;  43;  23;  20;  112;;;;;;;;;;;;;;;;;;;;;;;;;;;;
;Burkina Faso-Burkina Faso;  154;  102;  52;;  32;  22;  10;  122;;;;;;;;;;;;;;;;;;;;;;;;;;;;
;Karada_-Montenegro;  148;  58;  90;;  51;  19;  32;  97;;;;;;;;;;;;;;;;;;;;;;;;;;;;
;Letonya-Latvia;  148;  45;  103;;  38;  14;  24;  110;;;;;;;;;;;;;;;;;;;;;;;;;;;;
;Küba-Cuba;  139;  56;  83;;  36;  15;  21;  103;;;;;;;;;;;;;;;;;;;;;;;;;;;;
;Saint Kitts ve Nevis-Saint Kitts and Nevis;  134;  76;  58;;  27;  13;  14;  107;;;;;;;;;;;;;;;;;;;;;;;;;;;;
;Hırvatistan-Croatia;  123;  75;  48;;  51;  32;  19;  72;;;;;;;;;;;;;;;;;;;;;;;;;;;;
;Benin-Benin;  122;  96;  26;;  30;  23;  7;  92;;;;;;;;;;;;;;;;;;;;;;;;;;;;
;Sri Lanka-Sri Lanka;  120;  80;  40;;  30;  16;  14;  90;;;;;;;;;;;;;;;;;;;;;;;;;;;;
;Myanmar-Myanmar;  116;  59;  57;;  23;  15;  8;  93;;;;;;;;;;;;;;;;;;;;;;;;;;;;
;Slovakya-Slovakia;  113;  34;  79;;  31;  13;  18;  82;;;;;;;;;;;;;;;;;;;;;;;;;;;;
;Dominik Cumhuriyeti-Dominican Republic;  113;  33;  80;;  26;  10;  16;  87;;;;;;;;;;;;;;;;;;;;;;;;;;;;
;Tayvan-Taiwan;  101;  63;  38;;  36;  12;  24;  65;;;;;;;;;;;;;;;;;;;;;;;;;;;;
;Zambiya-Zambia;  101;  42;  59;;  40;  18;  22;  61;;;;;;;;;;;;;;;;;;;;;;;;;;;;
;Di_er ülkeler-Other countries; 1 478;  739;  739;;  532;  303;  229;  946;;;;;;;;;;;;;;;;;;;;;;;;;;;;
;Vatansız-Stateless;  109;  57;  52;;  59;  33;  26;  50;;;;;;;;;;;;;;;;;;;;;;;;;;;;
;Bilinmeyen-Unknown;  72;  30;  42;;  3;  2;  1;  69;;;;;;;;;;;;;;;;;;;;;;;;;;;;
2020;Toplam-Total; 340 845; 182 796; 158 049;; 420 463; 234 979; 185 484;- 79 618;;;;;;;;;;;;;;;;;;;;;;;;;;;;
;"Türk vatanda_ları
Turkish citizens"; 98 349; 59 000; 39 349;; 77 810; 46 277; 31 533; 20 539;;;;;;;;;;;;;;;;;;;;;;;;;;;;
;Yabancı uyruklular-Foreign nationals; 242 496; 123 796; 118 700;; 342 653; 188 702; 153 951;- 100 157;;;;;;;;;;;;;;;;;;;;;;;;;;;;
;Irak-Iraq; 28 836; 15 865; 12 971;; 57 561; 32 259; 25 302;- 28 725;;;;;;;;;;;;;;;;;;;;;;;;;;;;
;Afganistan-Afghanistan; 22 868; 14 075; 8 793;; 15 419; 9 755; 5 664; 7 449;;;;;;;;;;;;;;;;;;;;;;;;;;;;
;Türkmenistan-Turkmenistan; 17 948; 10 282; 7 666;; 39 657; 25 990; 13 667;- 21 709;;;;;;;;;;;;;;;;;;;;;;;;;;;;
;Rusya Federasyonu-Russian Federation; 15 314; 6 322; 8 992;; 8 045; 2 953; 5 092; 7 269;;;;;;;;;;;;;;;;;;;;;;;;;;;;
;Suriye-Syria; 14 653; 8 024; 6 629;; 18 405; 10 601; 7 804;- 3 752;;;;;;;;;;;;;;;;;;;;;;;;;;;;
;Özbekistan-Uzbekistan; 14 461; 4 870; 9 591;; 17 696; 6 514; 11 182;- 3 235;;;;;;;;;;;;;;;;;;;;;;;;;;;;
;_ran-Iran; 13 372; 6 993; 6 379;; 30 397; 17 594; 12 803;- 17 025;;;;;;;;;;;;;;;;;;;;;;;;;;;;
;Azerbaycan-Azerbaijan; 8 986; 3 959; 5 027;; 22 357; 13 180; 9 177;- 13 371;;;;;;;;;;;;;;;;;;;;;;;;;;;;
;Kazakistan-Kazakhstan; 8 980; 3 861; 5 119;; 4 483; 1 757; 2 726; 4 497;;;;;;;;;;;;;;;;;;;;;;;;;;;;
;Almanya-Germany; 7 636; 4 130; 3 506;; 4 396; 2 123; 2 273; 3 240;;;;;;;;;;;;;;;;;;;;;;;;;;;;
;Somali-Somalia; 6 145; 3 197; 2 948;; 4 766; 2 682; 2 084; 1 379;;;;;;;;;;;;;;;;;;;;;;;;;;;;
;Kırgızistan-Kyrgyzstan; 5 193; 1 653; 3 540;; 7 837; 2 412; 5 425;- 2 644;;;;;;;;;;;;;;;;;;;;;;;;;;;;
;Mısır-Egypt; 4 330; 2 570; 1 760;; 8 325; 5 485; 2 840;- 3 995;;;;;;;;;;;;;;;;;;;;;;;;;;;;
;Libya-Libya; 4 270; 2 522; 1 748;; 8 928; 5 865; 3 063;- 4 658;;;;;;;;;;;;;;;;;;;;;;;;;;;;
;Ukrayna-Ukraine; 4 083; 1 020; 3 063;; 5 184; 1 209; 3 975;- 1 101;;;;;;;;;;;;;;;;;;;;;;;;;;;;
;Fas-Morocco; 3 982; 1 033; 2 949;; 4 589; 1 719; 2 870;-  607;;;;;;;;;;;;;;;;;;;;;;;;;;;;
;Filistin-Palestine; 3 855; 2 469; 1 386;; 5 979; 3 820; 2 159;- 2 124;;;;;;;;;;;;;;;;;;;;;;;;;;;;
;Çin-China; 3 755; 2 586; 1 169;; 2 495; 1 722;  773; 1 260;;;;;;;;;;;;;;;;;;;;;;;;;;;;
;Ürdün-Jordan; 3 594; 2 181; 1 413;; 7 125; 4 766; 2 359;- 3 531;;;;;;;;;;;;;;;;;;;;;;;;;;;;
;Lübnan-Lebanon; 3 096; 1 680; 1 416;; 1 482;  894;  588; 1 614;;;;;;;;;;;;;;;;;;;;;;;;;;;;
;Birle_ik Krallık-United Kingdom; 2 887; 1 498; 1 389;; 2 620; 1 357; 1 263;  267;;;;;;;;;;;;;;;;;;;;;;;;;;;;
;Gürcistan-Georgia; 2 879;  655; 2 224;; 7 462; 2 065; 5 397;- 4 583;;;;;;;;;;;;;;;;;;;;;;;;;;;;
;Pakistan-Pakistan; 2 658; 1 850;  808;; 3 242; 2 356;  886;-  584;;;;;;;;;;;;;;;;;;;;;;;;;;;;
;Nijerya-Nigeria; 2 445; 1 933;  512;; 2 427; 2 024;  403;  18;;;;;;;;;;;;;;;;;;;;;;;;;;;;
;Amerika Birle_ik Devletleri-United States; 2 311; 1 244; 1 067;; 2 268; 1 187; 1 081;  43;;;;;;;;;;;;;;;;;;;;;;;;;;;;
;Yemen-Yemen; 2 291; 1 475;  816;; 4 816; 3 243; 1 573;- 2 525;;;;;;;;;;;;;;;;;;;;;;;;;;;;
;Cezayir-Algeria; 1 603;  703;  900;; 4 154; 2 479; 1 675;- 2 551;;;;;;;;;;;;;;;;;;;;;;;;;;;;
;Endonezya-Indonesia; 1 296;  390;  906;; 1 910;  530; 1 380;-  614;;;;;;;;;;;;;;;;;;;;;;;;;;;;
;Tacikistan-Tajikistan; 1 207;  656;  551;; 1 700;  975;  725;-  493;;;;;;;;;;;;;;;;;;;;;;;;;;;;
;Etiyopya-Ethiopia; 1 191;  641;  550;; 1 608;  970;  638;-  417;;;;;;;;;;;;;;;;;;;;;;;;;;;;
;Avusturya-Austria; 1 161;  643;  518;;  510;  293;  217;  651;;;;;;;;;;;;;;;;;;;;;;;;;;;;
;Kuveyt-Kuwait; 1 147;  715;  432;;  817;  509;  308;  330;;;;;;;;;;;;;;;;;;;;;;;;;;;;
;Bulgaristan-Bulgaria; 1 091;  378;  713;;  802;  230;  572;  289;;;;;;;;;;;;;;;;;;;;;;;;;;;;
;Sudan-Sudan;  989;  588;  401;; 1 206;  705;  501;-  217;;;;;;;;;;;;;;;;;;;;;;;;;;;;
;Moldova-Moldova;  977;  160;  817;; 1 924;  483; 1 441;-  947;;;;;;;;;;;;;;;;;;;;;;;;;;;;
;Tunus-Tunisia;  928;  352;  576;; 1 216;  559;  657;-  288;;;;;;;;;;;;;;;;;;;;;;;;;;;;
;Yunanistan-Greece;  784;  389;  395;;  442;  204;  238;  342;;;;;;;;;;;;;;;;;;;;;;;;;;;;
;Hollanda-Netherlands;  769;  452;  317;;  825;  449;  376;-  56;;;;;;;;;;;;;;;;;;;;;;;;;;;;
;_sveç-Sweden;  738;  416;  322;;  794;  437;  357;-  56;;;;;;;;;;;;;;;;;;;;;;;;;;;;
;Kanada-Canada;  721;  415;  306;;  533;  286;  247;  188;;;;;;;;;;;;;;;;;;;;;;;;;;;;
;Cibuti-Djibouti;  717;  368;  349;;  550;  303;  247;  167;;;;;;;;;;;;;;;;;;;;;;;;;;;;
;Belarus-Belarus;  686;  156;  530;;  543;  96;  447;  143;;;;;;;;;;;;;;;;;;;;;;;;;;;;
;Fransa-France;  654;  369;  285;;  926;  455;  471;-  272;;;;;;;;;;;;;;;;;;;;;;;;;;;;
;Hindistan-India;  606;  479;  127;; 1 097;  908;  189;-  491;;;;;;;;;;;;;;;;;;;;;;;;;;;;
;Güney Kore-South Korea;  571;  354;  217;;  935;  491;  444;-  364;;;;;;;;;;;;;;;;;;;;;;;;;;;;
;Filipinler-Philippines;  490;  59;  431;;  797;  102;  695;-  307;;;;;;;;;;;;;;;;;;;;;;;;;;;;
;Danimarka-Denmark;  458;  302;  156;;  361;  189;  172;  97;;;;;;;;;;;;;;;;;;;;;;;;;;;;
;Romanya-Romania;  441;  150;  291;;  498;  180;  318;-  57;;;;;;;;;;;;;;;;;;;;;;;;;;;;
;Nepal-Nepal;  436;  201;  235;;  933;  512;  421;-  497;;;;;;;;;;;;;;;;;;;;;;;;;;;;
;Tayland-Thailand;  418;  65;  353;;  573;  103;  470;-  155;;;;;;;;;;;;;;;;;;;;;;;;;;;;
;Çad-Chad;  400;  340;  60;;  127;  98;  29;  273;;;;;;;;;;;;;;;;;;;;;;;;;;;;
;Suudi Arabistan-Saudi Arabia;  377;  231;  146;; 2 001; 1 281;  720;- 1 624;;;;;;;;;;;;;;;;;;;;;;;;;;;;
;Norveç-Norway;  375;  206;  169;;  537;  263;  274;-  162;;;;;;;;;;;;;;;;;;;;;;;;;;;;
;_talya-Italy;  357;  228;  129;;  537;  337;  200;-  180;;;;;;;;;;;;;;;;;;;;;;;;;;;;
;Kamerun-Cameroon;  339;  205;  134;;  384;  257;  127;-  45;;;;;;;;;;;;;;;;;;;;;;;;;;;;
;Arnavutluk-Albania;  333;  150;  183;;  896;  439;  457;-  563;;;;;;;;;;;;;;;;;;;;;;;;;;;;
;_srail-Israel;  322;  192;  130;;  287;  174;  113;  35;;;;;;;;;;;;;;;;;;;;;;;;;;;;
;Kenya-Kenya;  307;  152;  155;;  264;  152;  112;  43;;;;;;;;;;;;;;;;;;;;;;;;;;;;
;Brezilya-Brazil;  276;  132;  144;;  367;  160;  207;-  91;;;;;;;;;;;;;;;;;;;;;;;;;;;;
;Katar-Qatar;  270;  182;  88;;  230;  165;  65;  40;;;;;;;;;;;;;;;;;;;;;;;;;;;;
;_spanya-Spain;  265;  141;  124;;  429;  256;  173;-  164;;;;;;;;;;;;;;;;;;;;;;;;;;;;
;Banglade_-Bangladesh;  261;  195;  66;;  387;  314;  73;-  126;;;;;;;;;;;;;;;;;;;;;;;;;;;;
;Polonya-Poland;  255;  87;  168;;  303;  110;  193;-  48;;;;;;;;;;;;;;;;;;;;;;;;;;;;
;Mo_olistan-Mongolia;  245;  110;  135;;  702;  297;  405;-  457;;;;;;;;;;;;;;;;;;;;;;;;;;;;
;Bosna Hersek-Bosnia and Herzegovina;  243;  97;  146;;  286;  126;  160;-  43;;;;;;;;;;;;;;;;;;;;;;;;;;;;
;Kosova-Kosovo;  242;  121;  121;;  525;  305;  220;-  283;;;;;;;;;;;;;;;;;;;;;;;;;;;;
;Uganda-Uganda;  242;  76;  166;;  516;  204;  312;-  274;;;;;;;;;;;;;;;;;;;;;;;;;;;;
;Kuzey Makedonya-North Macedonia;  241;  99;  142;;  434;  234;  200;-  193;;;;;;;;;;;;;;;;;;;;;;;;;;;;
;Güney Afrika Cumhuriyeti-Republic of South Africa;  233;  138;  95;;  339;  207;  132;-  106;;;;;;;;;;;;;;;;;;;;;;;;;;;;
;Ermenistan-Armenia;  227;  61;  166;;  544;  159;  385;-  317;;;;;;;;;;;;;;;;;;;;;;;;;;;;
;Belçika-Belgium;  223;  119;  104;;  311;  167;  144;-  88;;;;;;;;;;;;;;;;;;;;;;;;;;;;
;Angola-Angola;  213;  137;  76;;  450;  303;  147;-  237;;;;;;;;;;;;;;;;;;;;;;;;;;;;
;Haiti-Haiti;  206;  144;  62;;  83;  64;  19;  123;;;;;;;;;;;;;;;;;;;;;;;;;;;;
;Senegal-Senegal;  204;  169;  35;;  405;  336;  69;-  201;;;;;;;;;;;;;;;;;;;;;;;;;;;;
;Kuzey Kıbrıs Türk Cumhuriyeti-Turkish Republic Of North Cyprus;  193;  105;  88;;  43;  21;  22;  150;;;;;;;;;;;;;;;;;;;;;;;;;;;;
;Gambiya-Gambia;  189;  150;  39;;  260;  224;  36;-  71;;;;;;;;;;;;;;;;;;;;;;;;;;;;
;Avustralya-Australia;  188;  112;  76;;  226;  119;  107;-  38;;;;;;;;;;;;;;;;;;;;;;;;;;;;
;Moritanya-Mauritania;  180;  133;  47;;  210;  141;  69;-  30;;;;;;;;;;;;;;;;;;;;;;;;;;;;
;Japonya-Japan;  174;  90;  84;;  353;  193;  160;-  179;;;;;;;;;;;;;;;;;;;;;;;;;;;;
;Gana-Ghana;  164;  125;  39;;  468;  374;  94;-  304;;;;;;;;;;;;;;;;;;;;;;;;;;;;
;_sviçre-Switzerland;  156;  81;  75;;  150;  70;  80;  6;;;;;;;;;;;;;;;;;;;;;;;;;;;;
;Malezya-Malaysia;  150;  83;  67;;  484;  231;  253;-  334;;;;;;;;;;;;;;;;;;;;;;;;;;;;
;Finlandiya-Finland;  149;  76;  73;;  252;  106;  146;-  103;;;;;;;;;;;;;;;;;;;;;;;;;;;;
;Sırbistan-Serbia;  147;  57;  90;;  235;  122;  113;-  88;;;;;;;;;;;;;;;;;;;;;;;;;;;;
;Kongo Demokratik Cumhuriyeti-Democratic Republic of the Congo;  147;  77;  70;;  288;  169;  119;-  141;;;;;;;;;;;;;;;;;;;;;;;;;;;;
;Eritre-Eritrea;  137;  70;  67;;  512;  274;  238;-  375;;;;;;;;;;;;;;;;;;;;;;;;;;;;
;_rlanda-Ireland;  124;  58;  66;;  132;  75;  57;-  8;;;;;;;;;;;;;;;;;;;;;;;;;;;;
;Litvanya-Lithuania;  118;  39;  79;;  137;  43;  94;-  19;;;;;;;;;;;;;;;;;;;;;;;;;;;;
;Kotdivuar-Côte d'Ivoire;  118;  76;  42;;  122;  71;  51;-  4;;;;;;;;;;;;;;;;;;;;;;;;;;;;
;Kolombiya-Colombia;  116;  44;  72;;  202;  85;  117;-  86;;;;;;;;;;;;;;;;;;;;;;;;;;;;
;Mali-Mali;  113;  90;  23;;  183;  134;  49;-  70;;;;;;;;;;;;;;;;;;;;;;;;;;;;
;Gine-Guinea;  101;  68;  33;;  120;  86;  34;-  19;;;;;;;;;;;;;;;;;;;;;;;;;;;;
;Di_er ülkeler-Other countries; 2 168; 1 150; 1 018;; 3 231; 1 722; 1 509;- 1 063;;;;;;;;;;;;;;;;;;;;;;;;;;;;
;Vatansız-Stateless;  92;  47;  45;;  78;  49;  29;  14;;;;;;;;;;;;;;;;;;;;;;;;;;;;
;Bilinmeyen-Unknown;  9;  5;  4;;  8;  5;  3;  1;;;;;;;;;;;;;;;;;;;;;;;;;;;;
2019;Toplam-Total; 677 042; 368 515; 308 527;; 330 289; 180 444; 149 845; 346 753;;;;;;;;;;;;;;;;;;;;;;;;;;;;
;"Türk vatanda_ları
Turkish citizens"; 98 554; 57 861; 40 693;; 84 863; 51 861; 33 002; 13 691;;;;;;;;;;;;;;;;;;;;;;;;;;;;
;Yabancı uyruklular-Foreign nationals; 578 488; 310 654; 267 834;; 245 426; 128 583; 116 843; 333 062;;;;;;;;;;;;;;;;;;;;;;;;;;;;
;Irak-Iraq; 83 829; 45 556; 38 273;; 58 631; 32 054; 26 577; 25 198;;;;;;;;;;;;;;;;;;;;;;;;;;;;
;Türkmenistan-Turkmenistan; 80 003; 52 146; 27 857;; 14 067; 6 334; 7 733; 65 936;;;;;;;;;;;;;;;;;;;;;;;;;;;;
;Afganistan-Afghanistan; 47 228; 28 166; 19 062;; 16 790; 10 259; 6 531; 30 438;;;;;;;;;;;;;;;;;;;;;;;;;;;;
;Suriye-Syria; 43 190; 23 902; 19 288;; 8 051; 4 790; 3 261; 35 139;;;;;;;;;;;;;;;;;;;;;;;;;;;;
;_ran-Iran; 42 351; 23 531; 18 820;; 18 004; 9 918; 8 086; 24 347;;;;;;;;;;;;;;;;;;;;;;;;;;;;
;Azerbaycan-Azerbaijan; 26 563; 13 639; 12 924;; 14 831; 8 477; 6 354; 11 732;;;;;;;;;;;;;;;;;;;;;;;;;;;;
;Özbekistan-Uzbekistan; 25 064; 8 334; 16 730;; 12 840; 4 405; 8 435; 12 224;;;;;;;;;;;;;;;;;;;;;;;;;;;;
;Rusya Federasyonu-Russian Federation; 17 311; 6 742; 10 569;; 7 182; 2 683; 4 499; 10 129;;;;;;;;;;;;;;;;;;;;;;;;;;;;
;Mısır-Egypt; 12 502; 7 630; 4 872;; 6 846; 4 758; 2 088; 5 656;;;;;;;;;;;;;;;;;;;;;;;;;;;;
;Libya-Libya; 12 082; 7 564; 4 518;; 7 190; 4 397; 2 793; 4 892;;;;;;;;;;;;;;;;;;;;;;;;;;;;
;Ürdün-Jordan; 11 268; 7 021; 4 247;; 3 613; 2 447; 1 166; 7 655;;;;;;;;;;;;;;;;;;;;;;;;;;;;
;Somali-Somalia; 10 290; 5 429; 4 861;; 1 516;  931;  585; 8 774;;;;;;;;;;;;;;;;;;;;;;;;;;;;
;Filistin-Palestine; 9 978; 6 269; 3 709;; 4 248; 2 781; 1 467; 5 730;;;;;;;;;;;;;;;;;;;;;;;;;;;;
;Kazakistan-Kazakhstan; 9 950; 4 280; 5 670;; 3 780; 1 564; 2 216; 6 170;;;;;;;;;;;;;;;;;;;;;;;;;;;;
;Kırgızistan-Kyrgyzstan; 9 950; 2 694; 7 256;; 5 879; 1 864; 4 015; 4 071;;;;;;;;;;;;;;;;;;;;;;;;;;;;
;Almanya-Germany; 9 417; 4 759; 4 658;; 3 973; 1 948; 2 025; 5 444;;;;;;;;;;;;;;;;;;;;;;;;;;;;
;Gürcistan-Georgia; 8 128; 2 173; 5 955;; 5 700; 1 330; 4 370; 2 428;;;;;;;;;;;;;;;;;;;;;;;;;;;;
;Fas-Morocco; 8 081; 2 306; 5 775;; 2 249;  619; 1 630; 5 832;;;;;;;;;;;;;;;;;;;;;;;;;;;;
;Çin-China; 7 328; 4 169; 3 159;; 3 252; 2 501;  751; 4 076;;;;;;;;;;;;;;;;;;;;;;;;;;;;
;Yemen-Yemen; 6 907; 4 484; 2 423;; 2 742; 1 805;  937; 4 165;;;;;;;;;;;;;;;;;;;;;;;;;;;;
;Ukrayna-Ukraine; 6 641; 1 473; 5 168;; 4 149;  888; 3 261; 2 492;;;;;;;;;;;;;;;;;;;;;;;;;;;;
;Cezayir-Algeria; 5 976; 3 083; 2 893;; 1 595;  940;  655; 4 381;;;;;;;;;;;;;;;;;;;;;;;;;;;;
;Yunanistan-Greece; 5 848; 2 955; 2 893;;  422;  228;  194; 5 426;;;;;;;;;;;;;;;;;;;;;;;;;;;;
;Bulgaristan-Bulgaria; 5 256; 2 244; 3 012;;  962;  317;  645; 4 294;;;;;;;;;;;;;;;;;;;;;;;;;;;;
;Pakistan-Pakistan; 4 532; 3 129; 1 403;; 1 576; 1 137;  439; 2 956;;;;;;;;;;;;;;;;;;;;;;;;;;;;
;Nijerya-Nigeria; 4 298; 3 560;  738;; 1 184;  986;  198; 3 114;;;;;;;;;;;;;;;;;;;;;;;;;;;;
;Birle_ik Krallık-United Kingdom; 4 069; 2 148; 1 921;; 1 950; 1 022;  928; 2 119;;;;;;;;;;;;;;;;;;;;;;;;;;;;
;"Amerika Birle_ik Devletleri
United States"; 3 244; 1 739; 1 505;; 1 997; 1 044;  953; 1 247;;;;;;;;;;;;;;;;;;;;;;;;;;;;
;Lübnan-Lebanon; 2 756; 1 552; 1 204;;  695;  421;  274; 2 061;;;;;;;;;;;;;;;;;;;;;;;;;;;;
;Endonezya-Indonesia; 2 730;  735; 1 995;; 1 444;  320; 1 124; 1 286;;;;;;;;;;;;;;;;;;;;;;;;;;;;
;Tacikistan-Tajikistan; 2 355; 1 224; 1 131;; 1 286;  738;  548; 1 069;;;;;;;;;;;;;;;;;;;;;;;;;;;;
;Suudi Arabistan-Saudi Arabia; 2 321; 1 430;  891;; 1 073;  670;  403; 1 248;;;;;;;;;;;;;;;;;;;;;;;;;;;;
;Etiyopya-Ethiopia; 2 266; 1 331;  935;;  375;  122;  253; 1 891;;;;;;;;;;;;;;;;;;;;;;;;;;;;
;Kuveyt-Kuwait; 2 189; 1 361;  828;;  236;  165;  71; 1 953;;;;;;;;;;;;;;;;;;;;;;;;;;;;
;Moldova-Moldova; 2 007;  445; 1 562;; 2 027;  451; 1 576;-  20;;;;;;;;;;;;;;;;;;;;;;;;;;;;
;Sudan-Sudan; 1 977; 1 153;  824;;  406;  239;  167; 1 571;;;;;;;;;;;;;;;;;;;;;;;;;;;;
;Tunus-Tunisia; 1 746;  671; 1 075;;  634;  300;  334; 1 112;;;;;;;;;;;;;;;;;;;;;;;;;;;;
;Avusturya-Austria; 1 407;  788;  619;;  546;  309;  237;  861;;;;;;;;;;;;;;;;;;;;;;;;;;;;
;Hollanda-Netherlands; 1 216;  676;  540;;  621;  343;  278;  595;;;;;;;;;;;;;;;;;;;;;;;;;;;;
;Nepal-Nepal; 1 204;  647;  557;; 2 153; 1 878;  275;-  949;;;;;;;;;;;;;;;;;;;;;;;;;;;;
;Filipinler-Philippines; 1 195;  151; 1 044;;  728;  102;  626;  467;;;;;;;;;;;;;;;;;;;;;;;;;;;;
;_sveç-Sweden; 1 188;  646;  542;;  469;  243;  226;  719;;;;;;;;;;;;;;;;;;;;;;;;;;;;
;Cibuti-Djibouti; 1 177;  650;  527;;  123;  76;  47; 1 054;;;;;;;;;;;;;;;;;;;;;;;;;;;;
;Hindistan-India; 1 083;  823;  260;; 1 458; 1 319;  139;-  375;;;;;;;;;;;;;;;;;;;;;;;;;;;;
;Fransa-France; 1 064;  566;  498;;  914;  470;  444;  150;;;;;;;;;;;;;;;;;;;;;;;;;;;;
;Kanada-Canada; 1 016;  587;  429;;  461;  230;  231;  555;;;;;;;;;;;;;;;;;;;;;;;;;;;;
;Güney Kore-South Korea;  957;  537;  420;;  941;  509;  432;  16;;;;;;;;;;;;;;;;;;;;;;;;;;;;
;Norveç-Norway;  812;  387;  425;;  262;  118;  144;  550;;;;;;;;;;;;;;;;;;;;;;;;;;;;
;Arnavutluk-Albania;  792;  404;  388;;  783;  415;  368;  9;;;;;;;;;;;;;;;;;;;;;;;;;;;;
;Belarus-Belarus;  788;  134;  654;;  444;  65;  379;  344;;;;;;;;;;;;;;;;;;;;;;;;;;;;
;Uganda-Uganda;  769;  297;  472;;  180;  83;  97;  589;;;;;;;;;;;;;;;;;;;;;;;;;;;;
;Eritre-Eritrea;  764;  379;  385;;  138;  91;  47;  626;;;;;;;;;;;;;;;;;;;;;;;;;;;;
;Mo_olistan-Mongolia;  752;  307;  445;;  506;  224;  282;  246;;;;;;;;;;;;;;;;;;;;;;;;;;;;
;Senegal-Senegal;  742;  603;  139;;  238;  195;  43;  504;;;;;;;;;;;;;;;;;;;;;;;;;;;;
;Çad-Chad;  675;  568;  107;;  69;  56;  13;  606;;;;;;;;;;;;;;;;;;;;;;;;;;;;
;Tayland-Thailand;  649;  108;  541;;  333;  94;  239;  316;;;;;;;;;;;;;;;;;;;;;;;;;;;;
;Ermenistan-Armenia;  615;  173;  442;;  384;  112;  272;  231;;;;;;;;;;;;;;;;;;;;;;;;;;;;
;Romanya-Romania;  606;  214;  392;;  500;  201;  299;  106;;;;;;;;;;;;;;;;;;;;;;;;;;;;
;_talya-Italy;  604;  363;  241;;  555;  363;  192;  49;;;;;;;;;;;;;;;;;;;;;;;;;;;;
;Angola-Angola;  599;  415;  184;;  31;  23;  8;  568;;;;;;;;;;;;;;;;;;;;;;;;;;;;
;Banglade_-Bangladesh;  592;  482;  110;;  178;  133;  45;  414;;;;;;;;;;;;;;;;;;;;;;;;;;;;
;Danimarka-Denmark;  578;  315;  263;;  319;  184;  135;  259;;;;;;;;;;;;;;;;;;;;;;;;;;;;
;Kamerun-Cameroon;  560;  363;  197;;  239;  170;  69;  321;;;;;;;;;;;;;;;;;;;;;;;;;;;;
;Gana-Ghana;  557;  439;  118;;  287;  239;  48;  270;;;;;;;;;;;;;;;;;;;;;;;;;;;;
;Kosova-Kosovo;  533;  277;  256;;  476;  253;  223;  57;;;;;;;;;;;;;;;;;;;;;;;;;;;;
;Malezya-Malaysia;  490;  247;  243;;  295;  161;  134;  195;;;;;;;;;;;;;;;;;;;;;;;;;;;;
;Katar-Qatar;  480;  350;  130;;  179;  142;  37;  301;;;;;;;;;;;;;;;;;;;;;;;;;;;;
;"Güney Afrika Cumhuriyeti
Republic of South Africa";  471;  276;  195;;  244;  154;  90;  227;;;;;;;;;;;;;;;;;;;;;;;;;;;;
;_srail-Israel;  467;  270;  197;;  166;  96;  70;  301;;;;;;;;;;;;;;;;;;;;;;;;;;;;
;_spanya-Spain;  442;  265;  177;;  400;  232;  168;  42;;;;;;;;;;;;;;;;;;;;;;;;;;;;
;Polonya-Poland;  418;  164;  254;;  331;  123;  208;  87;;;;;;;;;;;;;;;;;;;;;;;;;;;;
;"Kongo Demokratik Cumhuriyeti
Democratic Republic of the Congo";  415;  257;  158;;  87;  66;  21;  328;;;;;;;;;;;;;;;;;;;;;;;;;;;;
;Brezilya-Brazil;  411;  160;  251;;  263;  125;  138;  148;;;;;;;;;;;;;;;;;;;;;;;;;;;;
;Gambiya-Gambia;  393;  321;  72;;  71;  57;  14;  322;;;;;;;;;;;;;;;;;;;;;;;;;;;;
;Japonya-Japan;  392;  210;  182;;  384;  206;  178;  8;;;;;;;;;;;;;;;;;;;;;;;;;;;;
;Belçika-Belgium;  382;  207;  175;;  185;  102;  83;  197;;;;;;;;;;;;;;;;;;;;;;;;;;;;
;Kuzey Makedonya(1)-North Macedonia(1);  375;  183;  192;;  400;  181;  219;-  25;;;;;;;;;;;;;;;;;;;;;;;;;;;;
;Kenya-Kenya;  369;  183;  186;;  131;  80;  51;  238;;;;;;;;;;;;;;;;;;;;;;;;;;;;
;Moritanya-Mauritania;  340;  239;  101;;  99;  69;  30;  241;;;;;;;;;;;;;;;;;;;;;;;;;;;;
;Avustralya-Australia;  324;  176;  148;;  228;  128;  100;  96;;;;;;;;;;;;;;;;;;;;;;;;;;;;
;Bosna Hersek-Bosnia and Herzegovina;  314;  126;  188;;  258;  123;  135;  56;;;;;;;;;;;;;;;;;;;;;;;;;;;;
;Finlandiya-Finland;  309;  134;  175;;  155;  81;  74;  154;;;;;;;;;;;;;;;;;;;;;;;;;;;;
;Küba-Cuba;  278;  125;  153;;  139;  40;  99;  139;;;;;;;;;;;;;;;;;;;;;;;;;;;;
;Kolombiya-Colombia;  276;  124;  152;;  149;  65;  84;  127;;;;;;;;;;;;;;;;;;;;;;;;;;;;
;"Kuzey Kıbrıs Türk Cumhuriyeti
Turkish Republic Of North Cyprus";  251;  128;  123;;  316;  199;  117;-  65;;;;;;;;;;;;;;;;;;;;;;;;;;;;
;_sviçre-Switzerland;  239;  111;  128;;  137;  73;  64;  102;;;;;;;;;;;;;;;;;;;;;;;;;;;;
;Mali-Mali;  237;  169;  68;;  103;  77;  26;  134;;;;;;;;;;;;;;;;;;;;;;;;;;;;
;Sırbistan-Serbia;  224;  103;  121;;  227;  116;  111;-  3;;;;;;;;;;;;;;;;;;;;;;;;;;;;
;_rlanda-Ireland;  224;  108;  116;;  113;  71;  42;  111;;;;;;;;;;;;;;;;;;;;;;;;;;;;
;Gine-Guinea;  203;  149;  54;;  89;  72;  17;  114;;;;;;;;;;;;;;;;;;;;;;;;;;;;
;Kotdivuar(2)-Côte d'Ivoire(2);  196;  111;  85;;  69;  45;  24;  127;;;;;;;;;;;;;;;;;;;;;;;;;;;;
;Litvanya-Lithuania;  168;  48;  120;;  131;  32;  99;  37;;;;;;;;;;;;;;;;;;;;;;;;;;;;
;Meksika-Mexico;  166;  69;  97;;  101;  44;  57;  65;;;;;;;;;;;;;;;;;;;;;;;;;;;;
;Bahreyn-Bahrain;  162;  105;  57;;  84;  46;  38;  78;;;;;;;;;;;;;;;;;;;;;;;;;;;;
;"Birle_ik Arap Emirlikleri
United Arab Emirates";  157;  100;  57;;  40;  29;  11;  117;;;;;;;;;;;;;;;;;;;;;;;;;;;;
;Macaristan-Hungary;  155;  73;  82;;  117;  48;  69;  38;;;;;;;;;;;;;;;;;;;;;;;;;;;;
;Tanzanya-Tanzania;  150;  93;  57;;  76;  49;  27;  74;;;;;;;;;;;;;;;;;;;;;;;;;;;;
;Çekya-Czechia;  135;  58;  77;;  129;  63;  66;  6;;;;;;;;;;;;;;;;;;;;;;;;;;;;
;Dominika-Dominica;  129;  81;  48;;  32;  22;  10;  97;;;;;;;;;;;;;;;;;;;;;;;;;;;;
;Burkina Faso-Burkina Faso;  124;  73;  51;;  48;  44;  4;  76;;;;;;;;;;;;;;;;;;;;;;;;;;;;
;Venezuela-Venezuela;  118;  60;  58;;  48;  31;  17;  70;;;;;;;;;;;;;;;;;;;;;;;;;;;;
;Zimbabve-Zimbabwe;  112;  53;  59;;  26;  13;  13;  86;;;;;;;;;;;;;;;;;;;;;;;;;;;;
;Portekiz-Portugal;  110;  74;  36;;  116;  76;  40;-  6;;;;;;;;;;;;;;;;;;;;;;;;;;;;
;Togo-Togo;  107;  87;  20;;  36;  31;  5;  71;;;;;;;;;;;;;;;;;;;;;;;;;;;;
;Nijer-Niger;  106;  77;  29;;  41;  31;  10;  65;;;;;;;;;;;;;;;;;;;;;;;;;;;;
;Haiti-Haiti;  100;  68;  32;;  30;  22;  8;  70;;;;;;;;;;;;;;;;;;;;;;;;;;;;
;Di_er ülkeler-Other countries; 2 264; 1 204; 1 060;; 1 354;  724;  630;  910;;;;;;;;;;;;;;;;;;;;;;;;;;;;
;Vatansız-Stateless;  149;  89;  60;;  45;  28;  17;  104;;;;;;;;;;;;;;;;;;;;;;;;;;;;
;Bilinmeyen-Unknown;  31;  20;  11;;  23;  15;  8;  8;;;;;;;;;;;;;;;;;;;;;;;;;;;;
2018;Toplam-Total; 577 457; 304 254; 273 203;; 323 918; 172 711; 151 207; 253 539;;;;;;;;;;;;;;;;;;;;;;;;;;;;
;"Türk vatanda_ları
Turkish citizens"; 110 567; 64 899; 45 668;; 136 740; 78 874; 57 866;- 26 173;;;;;;;;;;;;;;;;;;;;;;;;;;;;
;Yabancı uyruklular-Foreign nationals; 466 890; 239 355; 227 535;; 187 178; 93 837; 93 341; 279 712;;;;;;;;;;;;;;;;;;;;;;;;;;;;
;Irak-Iraq; 110 315; 57 394; 52 921;; 38 515; 21 238; 17 277; 71 800;;;;;;;;;;;;;;;;;;;;;;;;;;;;
;Afganistan-Afghanistan; 44 977; 26 531; 18 446;; 8 168; 5 119; 3 049; 36 809;;;;;;;;;;;;;;;;;;;;;;;;;;;;
;Suriye-Syria; 38 997; 21 932; 17 065;; 5 913; 3 596; 2 317; 33 084;;;;;;;;;;;;;;;;;;;;;;;;;;;;
;Türkmenistan-Turkmenistan; 34 915; 16 862; 18 053;; 10 096; 4 431; 5 665; 24 819;;;;;;;;;;;;;;;;;;;;;;;;;;;;
;_ran-Iran; 31 922; 16 748; 15 174;; 9 242; 5 292; 3 950; 22 680;;;;;;;;;;;;;;;;;;;;;;;;;;;;
;Azerbaycan-Azerbaijan; 23 245; 11 133; 12 112;; 13 804; 8 274; 5 530; 9 441;;;;;;;;;;;;;;;;;;;;;;;;;;;;
;Özbekistan-Uzbekistan; 15 231; 5 196; 10 035;; 13 171; 4 363; 8 808; 2 060;;;;;;;;;;;;;;;;;;;;;;;;;;;;
;Rusya Federasyonu-Russian Federation; 13 782; 5 200; 8 582;; 4 435; 1 417; 3 018; 9 347;;;;;;;;;;;;;;;;;;;;;;;;;;;;
;Mısır-Egypt; 13 515; 8 813; 4 702;; 1 903; 1 237;  666; 11 612;;;;;;;;;;;;;;;;;;;;;;;;;;;;
;Kırgızistan-Kyrgyzstan; 9 131; 2 736; 6 395;; 7 747; 2 261; 5 486; 1 384;;;;;;;;;;;;;;;;;;;;;;;;;;;;
;Almanya-Germany; 8 893; 4 382; 4 511;; 5 531; 2 603; 2 928; 3 362;;;;;;;;;;;;;;;;;;;;;;;;;;;;
;Yemen-Yemen; 8 582; 5 561; 3 021;;  788;  534;  254; 7 794;;;;;;;;;;;;;;;;;;;;;;;;;;;;
;Filistin-Palestine; 8 551; 5 315; 3 236;; 1 286;  857;  429; 7 265;;;;;;;;;;;;;;;;;;;;;;;;;;;;
;Ürdün-Jordan; 7 963; 5 005; 2 958;; 1 300;  886;  414; 6 663;;;;;;;;;;;;;;;;;;;;;;;;;;;;
;Kazakistan-Kazakhstan; 7 395; 3 021; 4 374;; 2 453;  886; 1 567; 4 942;;;;;;;;;;;;;;;;;;;;;;;;;;;;
;Libya-Libya; 7 357; 4 463; 2 894;; 3 875; 2 285; 1 590; 3 482;;;;;;;;;;;;;;;;;;;;;;;;;;;;
;Ukrayna-Ukraine; 5 905; 1 220; 4 685;; 5 241; 1 215; 4 026;  664;;;;;;;;;;;;;;;;;;;;;;;;;;;;
;Gürcistan-Georgia; 5 560; 1 306; 4 254;; 8 616; 2 404; 6 212;- 3 056;;;;;;;;;;;;;;;;;;;;;;;;;;;;
;Çin-China; 5 105; 3 276; 1 829;; 4 871; 3 635; 1 236;  234;;;;;;;;;;;;;;;;;;;;;;;;;;;;
;Somali-Somalia; 4 534; 2 281; 2 253;;  600;  372;  228; 3 934;;;;;;;;;;;;;;;;;;;;;;;;;;;;
;Fas-Morocco; 4 398; 1 018; 3 380;; 1 424;  367; 1 057; 2 974;;;;;;;;;;;;;;;;;;;;;;;;;;;;
;Cezayir-Algeria; 2 977; 1 466; 1 511;;  695;  374;  321; 2 282;;;;;;;;;;;;;;;;;;;;;;;;;;;;
;Birle_ik Krallık-United Kingdom; 2 906; 1 514; 1 392;; 1 746;  907;  839; 1 160;;;;;;;;;;;;;;;;;;;;;;;;;;;;
;Pakistan-Pakistan; 2 680; 1 901;  779;; 1 068;  789;  279; 1 612;;;;;;;;;;;;;;;;;;;;;;;;;;;;
;"Amerika Birle_ik Devletleri
United States"; 2 386; 1 191; 1 195;; 1 826; 1 010;  816;  560;;;;;;;;;;;;;;;;;;;;;;;;;;;;
;Nepal-Nepal; 2 340; 1 967;  373;; 1 029;  784;  245; 1 311;;;;;;;;;;;;;;;;;;;;;;;;;;;;
;Endonezya-Indonesia; 2 142;  643; 1 499;; 1 488;  313; 1 175;  654;;;;;;;;;;;;;;;;;;;;;;;;;;;;
;Suudi Arabistan-Saudi Arabia; 1 745; 1 096;  649;;  714;  453;  261; 1 031;;;;;;;;;;;;;;;;;;;;;;;;;;;;
;Moldova-Moldova; 1 694;  362; 1 332;; 2 265;  555; 1 710;-  571;;;;;;;;;;;;;;;;;;;;;;;;;;;;
;Avusturya-Austria; 1 661;  892;  769;;  663;  355;  308;  998;;;;;;;;;;;;;;;;;;;;;;;;;;;;
;Bulgaristan-Bulgaria; 1 602;  500; 1 102;; 1 295;  468;  827;  307;;;;;;;;;;;;;;;;;;;;;;;;;;;;
;Tacikistan-Tajikistan; 1 595;  832;  763;; 1 110;  665;  445;  485;;;;;;;;;;;;;;;;;;;;;;;;;;;;
;Lübnan-Lebanon; 1 485;  824;  661;;  367;  220;  147; 1 118;;;;;;;;;;;;;;;;;;;;;;;;;;;;
;Nijerya-Nigeria; 1 483; 1 191;  292;;  958;  767;  191;  525;;;;;;;;;;;;;;;;;;;;;;;;;;;;
;Hindistan-India; 1 212; 1 029;  183;; 2 572; 2 417;  155;- 1 360;;;;;;;;;;;;;;;;;;;;;;;;;;;;
;Tunus-Tunisia; 1 132;  410;  722;;  516;  265;  251;  616;;;;;;;;;;;;;;;;;;;;;;;;;;;;
;Yunanistan-Greece; 1 074;  544;  530;;  834;  428;  406;  240;;;;;;;;;;;;;;;;;;;;;;;;;;;;
;Filipinler-Philippines; 1 023;  119;  904;;  845;  105;  740;  178;;;;;;;;;;;;;;;;;;;;;;;;;;;;
;Hollanda-Netherlands;  983;  520;  463;;  684;  331;  353;  299;;;;;;;;;;;;;;;;;;;;;;;;;;;;
;Sudan-Sudan;  972;  562;  410;;  420;  239;  181;  552;;;;;;;;;;;;;;;;;;;;;;;;;;;;
;Güney Kore-South Korea;  956;  500;  456;;  801;  452;  349;  155;;;;;;;;;;;;;;;;;;;;;;;;;;;;
;Fransa-France;  892;  448;  444;;  948;  510;  438;-  56;;;;;;;;;;;;;;;;;;;;;;;;;;;;
;Senegal-Senegal;  869;  749;  120;;  195;  143;  52;  674;;;;;;;;;;;;;;;;;;;;;;;;;;;;
;Kuveyt-Kuwait;  833;  555;  278;;  124;  83;  41;  709;;;;;;;;;;;;;;;;;;;;;;;;;;;;
;Arnavutluk-Albania;  799;  319;  480;;  641;  369;  272;  158;;;;;;;;;;;;;;;;;;;;;;;;;;;;
;_sveç-Sweden;  770;  423;  347;;  380;  167;  213;  390;;;;;;;;;;;;;;;;;;;;;;;;;;;;
;Etiyopya-Ethiopia;  712;  279;  433;;  417;  157;  260;  295;;;;;;;;;;;;;;;;;;;;;;;;;;;;
;Belarus-Belarus;  673;  86;  587;;  392;  49;  343;  281;;;;;;;;;;;;;;;;;;;;;;;;;;;;
;Kanada-Canada;  591;  307;  284;;  323;  168;  155;  268;;;;;;;;;;;;;;;;;;;;;;;;;;;;
;Mo_olistan-Mongolia;  546;  243;  303;;  502;  217;  285;  44;;;;;;;;;;;;;;;;;;;;;;;;;;;;
;Romanya-Romania;  535;  179;  356;;  547;  259;  288;-  12;;;;;;;;;;;;;;;;;;;;;;;;;;;;
;Kosova-Kosovo;  527;  249;  278;;  371;  193;  178;  156;;;;;;;;;;;;;;;;;;;;;;;;;;;;
;Makedonya-Macedonia;  516;  206;  310;;  328;  183;  145;  188;;;;;;;;;;;;;;;;;;;;;;;;;;;;
;Danimarka-Denmark;  511;  281;  230;;  332;  165;  167;  179;;;;;;;;;;;;;;;;;;;;;;;;;;;;
;Norveç-Norway;  504;  222;  282;;  208;  91;  117;  296;;;;;;;;;;;;;;;;;;;;;;;;;;;;
;_talya-Italy;  474;  282;  192;;  774;  566;  208;-  300;;;;;;;;;;;;;;;;;;;;;;;;;;;;
;Cibuti-Djibouti;  467;  309;  158;;  92;  35;  57;  375;;;;;;;;;;;;;;;;;;;;;;;;;;;;
;Malezya-Malaysia;  420;  237;  183;;  242;  138;  104;  178;;;;;;;;;;;;;;;;;;;;;;;;;;;;
;Tayland-Thailand;  420;  78;  342;;  434;  63;  371;-  14;;;;;;;;;;;;;;;;;;;;;;;;;;;;
;Eritre-Eritrea;  399;  237;  162;;  82;  40;  42;  317;;;;;;;;;;;;;;;;;;;;;;;;;;;;
;Banglade_-Bangladesh;  387;  293;  94;;  163;  123;  40;  224;;;;;;;;;;;;;;;;;;;;;;;;;;;;
;Ermenistan-Armenia;  377;  88;  289;;  536;  162;  374;-  159;;;;;;;;;;;;;;;;;;;;;;;;;;;;
;Bosna Hersek-Bosnia and Herzegovina;  373;  160;  213;;  197;  84;  113;  176;;;;;;;;;;;;;;;;;;;;;;;;;;;;
;Polonya-Poland;  344;  130;  214;;  295;  97;  198;  49;;;;;;;;;;;;;;;;;;;;;;;;;;;;
;Japonya-Japan;  344;  177;  167;;  383;  191;  192;-  39;;;;;;;;;;;;;;;;;;;;;;;;;;;;
;Brezilya-Brazil;  342;  146;  196;;  358;  172;  186;-  16;;;;;;;;;;;;;;;;;;;;;;;;;;;;
;Çad-Chad;  337;  275;  62;;  60;  44;  16;  277;;;;;;;;;;;;;;;;;;;;;;;;;;;;
;Kamerun-Cameroon;  329;  225;  104;;  255;  175;  80;  74;;;;;;;;;;;;;;;;;;;;;;;;;;;;
;_spanya-Spain;  327;  192;  135;;  562;  381;  181;-  235;;;;;;;;;;;;;;;;;;;;;;;;;;;;
;Gana-Ghana;  317;  269;  48;;  342;  299;  43;-  25;;;;;;;;;;;;;;;;;;;;;;;;;;;;
;Belçika-Belgium;  296;  147;  149;;  274;  153;  121;  22;;;;;;;;;;;;;;;;;;;;;;;;;;;;
;_srail-Israel;  295;  150;  145;;  66;  45;  21;  229;;;;;;;;;;;;;;;;;;;;;;;;;;;;
;"Güney Afrika Cumhuriyeti
Republic of South Africa";  291;  175;  116;;  204;  124;  80;  87;;;;;;;;;;;;;;;;;;;;;;;;;;;;
;Sırbistan-Serbia;  290;  110;  180;;  249;  119;  130;  41;;;;;;;;;;;;;;;;;;;;;;;;;;;;
;Katar-Qatar;  264;  220;  44;;  39;  26;  13;  225;;;;;;;;;;;;;;;;;;;;;;;;;;;;
;Moritanya-Mauritania;  243;  175;  68;;  74;  65;  9;  169;;;;;;;;;;;;;;;;;;;;;;;;;;;;
;Avustralya-Australia;  243;  138;  105;;  195;  106;  89;  48;;;;;;;;;;;;;;;;;;;;;;;;;;;;
;Finlandiya-Finland;  243;  113;  130;;  199;  78;  121;  44;;;;;;;;;;;;;;;;;;;;;;;;;;;;
;"Kuzey Kıbrıs Türk Cumhuriyeti
Turkish Republic Of North Cyprus";  242;  118;  124;;  62;  32;  30;  180;;;;;;;;;;;;;;;;;;;;;;;;;;;;
;Uganda-Uganda;  236;  116;  120;;  257;  139;  118;-  21;;;;;;;;;;;;;;;;;;;;;;;;;;;;
;Kenya-Kenya;  189;  112;  77;;  112;  68;  44;  77;;;;;;;;;;;;;;;;;;;;;;;;;;;;
;Kolombiya-Colombia;  185;  79;  106;;  151;  65;  86;  34;;;;;;;;;;;;;;;;;;;;;;;;;;;;
;_rlanda-Ireland;  184;  98;  86;;  113;  56;  57;  71;;;;;;;;;;;;;;;;;;;;;;;;;;;;
;Küba-Cuba;  175;  54;  121;;  345;  130;  215;-  170;;;;;;;;;;;;;;;;;;;;;;;;;;;;
;"Kongo Demokratik Cumhuriyeti
Democratic Republic of the Congo";  169;  98;  71;;  161;  96;  65;  8;;;;;;;;;;;;;;;;;;;;;;;;;;;;
;_sviçre-Switzerland;  168;  79;  89;;  113;  59;  54;  55;;;;;;;;;;;;;;;;;;;;;;;;;;;;
;Mali-Mali;  160;  124;  36;;  113;  74;  39;  47;;;;;;;;;;;;;;;;;;;;;;;;;;;;
;Gine-Guinea;  160;  129;  31;;  136;  116;  20;  24;;;;;;;;;;;;;;;;;;;;;;;;;;;;
;Litvanya-Lithuania;  140;  34;  106;;  115;  29;  86;  25;;;;;;;;;;;;;;;;;;;;;;;;;;;;
;Tanzanya-Tanzania;  134;  72;  62;;  95;  71;  24;  39;;;;;;;;;;;;;;;;;;;;;;;;;;;;
;Çekya-Czechia;  134;  63;  71;;  175;  78;  97;-  41;;;;;;;;;;;;;;;;;;;;;;;;;;;;
;Gambiya-Gambia;  132;  107;  25;;  68;  58;  10;  64;;;;;;;;;;;;;;;;;;;;;;;;;;;;
;Bahreyn-Bahrain;  128;  74;  54;;  52;  27;  25;  76;;;;;;;;;;;;;;;;;;;;;;;;;;;;
;Meksika-Mexico;  124;  52;  72;;  94;  50;  44;  30;;;;;;;;;;;;;;;;;;;;;;;;;;;;
;Macaristan-Hungary;  119;  55;  64;;  122;  45;  77;-  3;;;;;;;;;;;;;;;;;;;;;;;;;;;;
;Portekiz-Portugal;  115;  74;  41;;  95;  66;  29;  20;;;;;;;;;;;;;;;;;;;;;;;;;;;;
;Fildi_i Sahili-Ivory Coast;  110;  85;  25;;  82;  45;  37;  28;;;;;;;;;;;;;;;;;;;;;;;;;;;;
;Burkina Faso-Burkina Faso;  109;  95;  14;;  70;  56;  14;  39;;;;;;;;;;;;;;;;;;;;;;;;;;;;
;Di_er ülkeler-Other countries; 2 248; 1 243; 1 005;; 1 881; 1 198;  683;  367;;;;;;;;;;;;;;;;;;;;;;;;;;;;
;Vatansız-Stateless;  94;  57;  37;;  42;  28;  14;  52;;;;;;;;;;;;;;;;;;;;;;;;;;;;
;Bilinmeyen-Unknown;  14;  9;  5;;  66;  42;  24;-  52;;;;;;;;;;;;;;;;;;;;;;;;;;;;
2017;Toplam-Total; 466 333; 244 083; 222 250;; 253 640; 136 870; 116 770; 212 693;;;;;;;;;;;;;;;;;;;;;;;;;;;;
;"Türk vatanda_ları
Turkish citizens"; 101 772; 59 360; 42 412;; 113 326; 66 400; 46 926;- 11 554;;;;;;;;;;;;;;;;;;;;;;;;;;;;
;Yabancı uyruklular-Foreign nationals; 364 561; 184 723; 179 838;; 140 314; 70 470; 69 844; 224 247;;;;;;;;;;;;;;;;;;;;;;;;;;;;
;Irak-Iraq; 97 054; 51 174; 45 880;; 28 645; 16 095; 12 550; 68 409;;;;;;;;;;;;;;;;;;;;;;;;;;;;
;Afganistan-Afghanistan; 37 747; 22 342; 15 405;; 6 413; 3 620; 2 793; 31 334;;;;;;;;;;;;;;;;;;;;;;;;;;;;
;Suriye-Syria; 28 189; 17 613; 10 576;; 9 382; 5 808; 3 574; 18 807;;;;;;;;;;;;;;;;;;;;;;;;;;;;
;Azerbaycan-Azerbaijan; 20 865; 10 736; 10 129;; 10 555; 5 769; 4 786; 10 310;;;;;;;;;;;;;;;;;;;;;;;;;;;;
;Türkmenistan-Turkmenistan; 20 317; 8 093; 12 224;; 4 001; 1 595; 2 406; 16 316;;;;;;;;;;;;;;;;;;;;;;;;;;;;
;Özbekistan-Uzbekistan; 17 871; 5 663; 12 208;; 5 528; 1 794; 3 734; 12 343;;;;;;;;;;;;;;;;;;;;;;;;;;;;
;_ran-Iran; 17 794; 9 471; 8 323;; 5 065; 2 710; 2 355; 12 729;;;;;;;;;;;;;;;;;;;;;;;;;;;;
;Kırgızistan-Kyrgyzstan; 8 982; 2 529; 6 453;; 4 596; 1 340; 3 256; 4 386;;;;;;;;;;;;;;;;;;;;;;;;;;;;
;Mısır-Egypt; 8 582; 5 432; 3 150;; 1 250;  776;  474; 7 332;;;;;;;;;;;;;;;;;;;;;;;;;;;;
;Almanya-Germany; 8 440; 4 028; 4 412;; 4 047; 1 901; 2 146; 4 393;;;;;;;;;;;;;;;;;;;;;;;;;;;;
;Gürcistan-Georgia; 8 373; 2 486; 5 887;; 4 569; 1 106; 3 463; 3 804;;;;;;;;;;;;;;;;;;;;;;;;;;;;
;Rusya Federasyonu-Russian Federation; 7 311; 2 370; 4 941;; 5 767; 2 045; 3 722; 1 544;;;;;;;;;;;;;;;;;;;;;;;;;;;;
;Ukrayna-Ukraine; 6 303; 1 417; 4 886;; 3 987;  879; 3 108; 2 316;;;;;;;;;;;;;;;;;;;;;;;;;;;;
;Libya-Libya; 6 029; 3 815; 2 214;; 3 032; 1 876; 1 156; 2 997;;;;;;;;;;;;;;;;;;;;;;;;;;;;
;Çin-China; 5 189; 3 619; 1 570;; 6 322; 4 324; 1 998;- 1 133;;;;;;;;;;;;;;;;;;;;;;;;;;;;
;Filistin-Palestine; 4 817; 2 938; 1 879;;  650;  444;  206; 4 167;;;;;;;;;;;;;;;;;;;;;;;;;;;;
;Kazakistan-Kazakhstan; 4 318; 1 684; 2 634;; 3 604; 1 529; 2 075;  714;;;;;;;;;;;;;;;;;;;;;;;;;;;;
;Yemen-Yemen; 3 726; 2 547; 1 179;;  528;  357;  171; 3 198;;;;;;;;;;;;;;;;;;;;;;;;;;;;
;Ürdün-Jordan; 2 930; 1 812; 1 118;;  959;  734;  225; 1 971;;;;;;;;;;;;;;;;;;;;;;;;;;;;
;Fas-Morocco; 2 556;  472; 2 084;;  903;  211;  692; 1 653;;;;;;;;;;;;;;;;;;;;;;;;;;;;
;Moldova-Moldova; 2 517;  565; 1 952;; 1 496;  333; 1 163; 1 021;;;;;;;;;;;;;;;;;;;;;;;;;;;;
;Hindistan-India; 2 210; 2 046;  164;;  671;  536;  135; 1 539;;;;;;;;;;;;;;;;;;;;;;;;;;;;
;"Amerika Birle_ik Devletleri
United States"; 1 969; 1 039;  930;; 2 009; 1 040;  969;-  40;;;;;;;;;;;;;;;;;;;;;;;;;;;;
;Birle_ik Krallık-United Kingdom; 1 819;  917;  902;; 2 293; 1 101; 1 192;-  474;;;;;;;;;;;;;;;;;;;;;;;;;;;;
;Nijerya-Nigeria; 1 734; 1 460;  274;;  614;  496;  118; 1 120;;;;;;;;;;;;;;;;;;;;;;;;;;;;
;Tacikistan-Tajikistan; 1 616;  874;  742;;  501;  290;  211; 1 115;;;;;;;;;;;;;;;;;;;;;;;;;;;;
;Endonezya-Indonesia; 1 591;  394; 1 197;;  715;  205;  510;  876;;;;;;;;;;;;;;;;;;;;;;;;;;;;
;Suudi Arabistan-Saudi Arabia; 1 538;  978;  560;;  370;  256;  114; 1 168;;;;;;;;;;;;;;;;;;;;;;;;;;;;
;Cezayir-Algeria; 1 478;  689;  789;;  381;  192;  189; 1 097;;;;;;;;;;;;;;;;;;;;;;;;;;;;
;Avusturya-Austria; 1 472;  794;  678;;  446;  244;  202; 1 026;;;;;;;;;;;;;;;;;;;;;;;;;;;;
;Pakistan-Pakistan; 1 468; 1 021;  447;;  627;  438;  189;  841;;;;;;;;;;;;;;;;;;;;;;;;;;;;
;Somali-Somalia; 1 452;  817;  635;;  609;  367;  242;  843;;;;;;;;;;;;;;;;;;;;;;;;;;;;
;Bulgaristan-Bulgaria; 1 391;  413;  978;; 1 520;  555;  965;-  129;;;;;;;;;;;;;;;;;;;;;;;;;;;;
;Nepal-Nepal; 1 228;  894;  334;;  239;  151;  88;  989;;;;;;;;;;;;;;;;;;;;;;;;;;;;
;Filipinler-Philippines; 1 224;  90; 1 134;;  488;  77;  411;  736;;;;;;;;;;;;;;;;;;;;;;;;;;;;
;Arnavutluk-Albania; 1 119;  570;  549;;  446;  243;  203;  673;;;;;;;;;;;;;;;;;;;;;;;;;;;;
;Tunus-Tunisia;  810;  307;  503;;  275;  112;  163;  535;;;;;;;;;;;;;;;;;;;;;;;;;;;;
;Fransa-France;  789;  417;  372;;  873;  462;  411;-  84;;;;;;;;;;;;;;;;;;;;;;;;;;;;
;Lübnan-Lebanon;  778;  433;  345;;  291;  192;  99;  487;;;;;;;;;;;;;;;;;;;;;;;;;;;;
;Güney Kore-South Korea;  756;  401;  355;;  794;  420;  374;-  38;;;;;;;;;;;;;;;;;;;;;;;;;;;;
;Hollanda-Netherlands;  727;  381;  346;;  783;  410;  373;-  56;;;;;;;;;;;;;;;;;;;;;;;;;;;;
;Ermenistan-Armenia;  684;  191;  493;;  255;  74;  181;  429;;;;;;;;;;;;;;;;;;;;;;;;;;;;
;Sudan-Sudan;  656;  388;  268;;  188;  99;  89;  468;;;;;;;;;;;;;;;;;;;;;;;;;;;;
;Yunanistan-Greece;  641;  314;  327;; 1 710;  897;  813;- 1 069;;;;;;;;;;;;;;;;;;;;;;;;;;;;
;Belarus-Belarus;  609;  51;  558;;  323;  44;  279;  286;;;;;;;;;;;;;;;;;;;;;;;;;;;;
;Romanya-Romania;  553;  226;  327;;  409;  176;  233;  144;;;;;;;;;;;;;;;;;;;;;;;;;;;;
;Etiyopya-Ethiopia;  551;  204;  347;;  311;  121;  190;  240;;;;;;;;;;;;;;;;;;;;;;;;;;;;
;Mo_olistan-Mongolia;  546;  202;  344;;  346;  156;  190;  200;;;;;;;;;;;;;;;;;;;;;;;;;;;;
;Gana-Ghana;  477;  397;  80;;  161;  133;  28;  316;;;;;;;;;;;;;;;;;;;;;;;;;;;;
;_talya-Italy;  462;  337;  125;;  708;  501;  207;-  246;;;;;;;;;;;;;;;;;;;;;;;;;;;;
;Kanada-Canada;  454;  243;  211;;  300;  136;  164;  154;;;;;;;;;;;;;;;;;;;;;;;;;;;;
;Tayland-Thailand;  446;  90;  356;;  271;  78;  193;  175;;;;;;;;;;;;;;;;;;;;;;;;;;;;
;Makedonya-Macedonia;  393;  171;  222;;  343;  174;  169;  50;;;;;;;;;;;;;;;;;;;;;;;;;;;;
;_sveç-Sweden;  391;  200;  191;;  326;  156;  170;  65;;;;;;;;;;;;;;;;;;;;;;;;;;;;
;Brezilya-Brazil;  373;  174;  199;;  281;  125;  156;  92;;;;;;;;;;;;;;;;;;;;;;;;;;;;
;Kuveyt-Kuwait;  369;  251;  118;;  122;  83;  39;  247;;;;;;;;;;;;;;;;;;;;;;;;;;;;
;Uganda-Uganda;  361;  193;  168;;  86;  46;  40;  275;;;;;;;;;;;;;;;;;;;;;;;;;;;;
;Kosova-Kosovo;  352;  154;  198;;  352;  175;  177;0;;;;;;;;;;;;;;;;;;;;;;;;;;;;
;Japonya-Japan;  344;  195;  149;;  426;  199;  227;-  82;;;;;;;;;;;;;;;;;;;;;;;;;;;;
;Danimarka-Denmark;  343;  195;  148;;  283;  151;  132;  60;;;;;;;;;;;;;;;;;;;;;;;;;;;;
;Norveç-Norway;  309;  148;  161;;  280;  127;  153;  29;;;;;;;;;;;;;;;;;;;;;;;;;;;;
;_spanya-Spain;  304;  189;  115;;  426;  256;  170;-  122;;;;;;;;;;;;;;;;;;;;;;;;;;;;
;Kamerun-Cameroon;  280;  177;  103;;  183;  125;  58;  97;;;;;;;;;;;;;;;;;;;;;;;;;;;;
;Malezya-Malaysia;  279;  145;  134;;  109;  57;  52;  170;;;;;;;;;;;;;;;;;;;;;;;;;;;;
;Banglade_-Bangladesh;  273;  218;  55;;  113;  86;  27;  160;;;;;;;;;;;;;;;;;;;;;;;;;;;;
;Gine-Guinea;  255;  226;  29;;  45;  34;  11;  210;;;;;;;;;;;;;;;;;;;;;;;;;;;;
;Polonya-Poland;  251;  68;  183;;  249;  104;  145;  2;;;;;;;;;;;;;;;;;;;;;;;;;;;;
;"Kuzey Kıbrıs Türk Cumhuriyeti
Turkish Republic of North Cyprus";  249;  121;  128;;  110;  52;  58;  139;;;;;;;;;;;;;;;;;;;;;;;;;;;;
;Senegal-Senegal;  249;  199;  50;;  137;  87;  50;  112;;;;;;;;;;;;;;;;;;;;;;;;;;;;
;Belçika-Belgium;  247;  140;  107;;  274;  129;  145;-  27;;;;;;;;;;;;;;;;;;;;;;;;;;;;
;Bosna Hersek-Bosnia and Herzegovina;  242;  90;  152;;  202;  99;  103;  40;;;;;;;;;;;;;;;;;;;;;;;;;;;;
;Vietnam-Vietnam;  238;  218;  20;;  386;  373;  13;-  148;;;;;;;;;;;;;;;;;;;;;;;;;;;;
;Sırbistan-Serbia;  229;  94;  135;;  271;  147;  124;-  42;;;;;;;;;;;;;;;;;;;;;;;;;;;;
;"Güney Afrika Cumhuriyeti
Republic of South Africa";  229;  144;  85;;  137;  83;  54;  92;;;;;;;;;;;;;;;;;;;;;;;;;;;;
;Küba-Cuba;  192;  69;  123;;  176;  30;  146;  16;;;;;;;;;;;;;;;;;;;;;;;;;;;;
;Finlandiya-Finland;  186;  64;  122;;  152;  63;  89;  34;;;;;;;;;;;;;;;;;;;;;;;;;;;;
;Eritre-Eritrea;  181;  105;  76;;  21;  14;  7;  160;;;;;;;;;;;;;;;;;;;;;;;;;;;;
;Avustralya-Australia;  180;  96;  84;;  220;  106;  114;-  40;;;;;;;;;;;;;;;;;;;;;;;;;;;;
;"Kongo Demokratik Cumhuriyeti
Democratic Republic of the Congo";  172;  109;  63;;  59;  32;  27;  113;;;;;;;;;;;;;;;;;;;;;;;;;;;;
;Kolombiya-Colombia;  157;  63;  94;;  110;  48;  62;  47;;;;;;;;;;;;;;;;;;;;;;;;;;;;
;Cibuti-Djibouti;  153;  86;  67;;  76;  52;  24;  77;;;;;;;;;;;;;;;;;;;;;;;;;;;;
;_srail-Israel;  153;  91;  62;;  53;  26;  27;  100;;;;;;;;;;;;;;;;;;;;;;;;;;;;
;Litvanya-Lithuania;  126;  24;  102;;  105;  29;  76;  21;;;;;;;;;;;;;;;;;;;;;;;;;;;;
;_sviçre-Switzerland;  118;  49;  69;;  122;  60;  62;-  4;;;;;;;;;;;;;;;;;;;;;;;;;;;;
;Çad-Chad;  112;  91;  21;;  45;  35;  10;  67;;;;;;;;;;;;;;;;;;;;;;;;;;;;
;Çekya-Czechia;  109;  44;  65;;  185;  104;  81;-  76;;;;;;;;;;;;;;;;;;;;;;;;;;;;
;Meksika-Mexico;  101;  47;  54;;  77;  29;  48;  24;;;;;;;;;;;;;;;;;;;;;;;;;;;;
;Portekiz-Portugal;  101;  67;  34;;  101;  72;  29;0;;;;;;;;;;;;;;;;;;;;;;;;;;;;
;Di_er ülkeler-Other countries; 2 730; 1 591; 1 139;; 2 326; 1 398;  928;  404;;;;;;;;;;;;;;;;;;;;;;;;;;;;
;Vatansız-Stateless;  63;  28;  35;;  10;  7;  3;  53;;;;;;;;;;;;;;;;;;;;;;;;;;;;
;Bilinmeyen-Unknown;  9;  5;  4;;  109;  49;  60;-  100;;;;;;;;;;;;;;;;;;;;;;;;;;;;
2016;Toplam-Total; 380 921; 201 631; 179 290;; 177 960; 98 240; 79 720; 202 961;;;;;;;;;;;;;;;;;;;;;;;;;;;;
;"Türk vatanda_ları
Turkish citizens"; 107 052; 63 202; 43 850;; 69 326; 43 820; 25 506; 37 726;;;;;;;;;;;;;;;;;;;;;;;;;;;;
;Yabancı uyruklular-Foreign nationals; 273 869; 138 429; 135 440;; 108 634; 54 420; 54 214; 165 235;;;;;;;;;;;;;;;;;;;;;;;;;;;;
;Irak-Iraq; 70 865; 38 499; 32 366;; 16 094; 9 073; 7 021; 54 771;;;;;;;;;;;;;;;;;;;;;;;;;;;;
;Afganistan-Afghanistan; 27 850; 15 445; 12 405;; 6 883; 3 960; 2 923; 20 967;;;;;;;;;;;;;;;;;;;;;;;;;;;;
;Suriye-Syria; 25 689; 16 535; 9 154;; 7 224; 4 507; 2 717; 18 465;;;;;;;;;;;;;;;;;;;;;;;;;;;;
;_ran-Iran; 15 539; 8 232; 7 307;; 5 695; 3 265; 2 430; 9 844;;;;;;;;;;;;;;;;;;;;;;;;;;;;
;Azerbaycan-Azerbaijan; 15 284; 7 565; 7 719;; 4 290; 2 474; 1 816; 10 994;;;;;;;;;;;;;;;;;;;;;;;;;;;;
;Özbekistan-Uzbekistan; 8 975; 2 437; 6 538;; 3 236;  940; 2 296; 5 739;;;;;;;;;;;;;;;;;;;;;;;;;;;;
;Almanya-Germany; 8 606; 4 124; 4 482;; 4 253; 2 048; 2 205; 4 353;;;;;;;;;;;;;;;;;;;;;;;;;;;;
;Türkmenistan-Turkmenistan; 8 394; 2 795; 5 599;; 3 555; 1 585; 1 970; 4 839;;;;;;;;;;;;;;;;;;;;;;;;;;;;
;Çin-China; 8 281; 5 563; 2 718;; 3 057; 1 993; 1 064; 5 224;;;;;;;;;;;;;;;;;;;;;;;;;;;;
;Gürcistan-Georgia; 6 630; 1 584; 5 046;; 4 114;  738; 3 376; 2 516;;;;;;;;;;;;;;;;;;;;;;;;;;;;
;Ukrayna-Ukraine; 6 531; 1 572; 4 959;; 3 364;  672; 2 692; 3 167;;;;;;;;;;;;;;;;;;;;;;;;;;;;
;Rusya Federasyonu-Russian Federation; 6 425; 1 862; 4 563;; 3 680; 1 191; 2 489; 2 745;;;;;;;;;;;;;;;;;;;;;;;;;;;;
;Kırgızistan-Kyrgyzstan; 6 012; 1 226; 4 786;; 2 745;  853; 1 892; 3 267;;;;;;;;;;;;;;;;;;;;;;;;;;;;
;Libya-Libya; 4 344; 2 818; 1 526;; 5 197; 3 063; 2 134;-  853;;;;;;;;;;;;;;;;;;;;;;;;;;;;
;Mısır-Egypt; 4 094; 2 622; 1 472;;  873;  554;  319; 3 221;;;;;;;;;;;;;;;;;;;;;;;;;;;;
;Kazakistan-Kazakhstan; 3 644; 1 326; 2 318;; 2 296; 1 107; 1 189; 1 348;;;;;;;;;;;;;;;;;;;;;;;;;;;;
;Moldova-Moldova; 2 388;  498; 1 890;; 1 406;  337; 1 069;  982;;;;;;;;;;;;;;;;;;;;;;;;;;;;
;Filistin-Palestine; 2 026; 1 284;  742;;  486;  325;  161; 1 540;;;;;;;;;;;;;;;;;;;;;;;;;;;;
;Yemen-Yemen; 1 839; 1 163;  676;;  438;  282;  156; 1 401;;;;;;;;;;;;;;;;;;;;;;;;;;;;
;Hindistan-India; 1 769; 1 614;  155;;  418;  318;  100; 1 351;;;;;;;;;;;;;;;;;;;;;;;;;;;;
;Birle_ik Krallık-United Kingdom; 1 764;  864;  900;; 2 366; 1 165; 1 201;-  602;;;;;;;;;;;;;;;;;;;;;;;;;;;;
;Fas-Morocco; 1 763;  330; 1 433;;  643;  133;  510; 1 120;;;;;;;;;;;;;;;;;;;;;;;;;;;;
;Ürdün-Jordan; 1 744; 1 183;  561;;  425;  275;  150; 1 319;;;;;;;;;;;;;;;;;;;;;;;;;;;;
;"Amerika Birle_ik Devletleri
United States"; 1 663;  941;  722;; 2 953; 1 374; 1 579;- 1 290;;;;;;;;;;;;;;;;;;;;;;;;;;;;
;Nijerya-Nigeria; 1 583; 1 354;  229;;  483;  384;  99; 1 100;;;;;;;;;;;;;;;;;;;;;;;;;;;;
;Avusturya-Austria; 1 532;  808;  724;;  408;  219;  189; 1 124;;;;;;;;;;;;;;;;;;;;;;;;;;;;
;Bulgaristan-Bulgaria; 1 381;  385;  996;; 1 135;  428;  707;  246;;;;;;;;;;;;;;;;;;;;;;;;;;;;
;Endonezya-Indonesia; 1 161;  290;  871;;  602;  175;  427;  559;;;;;;;;;;;;;;;;;;;;;;;;;;;;
;Pakistan-Pakistan; 1 113;  790;  323;;  624;  441;  183;  489;;;;;;;;;;;;;;;;;;;;;;;;;;;;
;Filipinler-Philippines; 1 005;  103;  902;;  386;  115;  271;  619;;;;;;;;;;;;;;;;;;;;;;;;;;;;
;Fransa-France;  866;  459;  407;; 1 136;  574;  562;-  270;;;;;;;;;;;;;;;;;;;;;;;;;;;;
;Hollanda-Netherlands;  861;  458;  403;;  782;  406;  376;  79;;;;;;;;;;;;;;;;;;;;;;;;;;;;
;Tacikistan-Tajikistan;  852;  439;  413;;  346;  232;  114;  506;;;;;;;;;;;;;;;;;;;;;;;;;;;;
;Yunanistan-Greece;  845;  441;  404;; 1 318;  619;  699;-  473;;;;;;;;;;;;;;;;;;;;;;;;;;;;
;Cezayir-Algeria;  839;  384;  455;;  236;  126;  110;  603;;;;;;;;;;;;;;;;;;;;;;;;;;;;
;Suudi Arabistan-Saudi Arabia;  759;  499;  260;;  351;  265;  86;  408;;;;;;;;;;;;;;;;;;;;;;;;;;;;
;Arnavutluk-Albania;  749;  374;  375;;  281;  162;  119;  468;;;;;;;;;;;;;;;;;;;;;;;;;;;;
;Somali-Somalia;  701;  380;  321;;  793;  429;  364;-  92;;;;;;;;;;;;;;;;;;;;;;;;;;;;
;_talya-Italy;  693;  523;  170;;  993;  631;  362;-  300;;;;;;;;;;;;;;;;;;;;;;;;;;;;
;Güney Kore-South Korea;  670;  400;  270;; 1 056;  653;  403;-  386;;;;;;;;;;;;;;;;;;;;;;;;;;;;
;Tunus-Tunisia;  608;  221;  387;;  234;  103;  131;  374;;;;;;;;;;;;;;;;;;;;;;;;;;;;
;Lübnan-Lübnan;  596;  356;  240;;  181;  110;  71;  415;;;;;;;;;;;;;;;;;;;;;;;;;;;;
;Belarus-Belarus;  564;  67;  497;;  249;  37;  212;  315;;;;;;;;;;;;;;;;;;;;;;;;;;;;
;Romanya-Romania;  505;  198;  307;;  476;  179;  297;  29;;;;;;;;;;;;;;;;;;;;;;;;;;;;
;Etiyopya-Ethiopia;  494;  163;  331;;  242;  117;  125;  252;;;;;;;;;;;;;;;;;;;;;;;;;;;;
;Ermenistan-Armenia;  466;  107;  359;;  243;  83;  160;  223;;;;;;;;;;;;;;;;;;;;;;;;;;;;
;Sudan-Sudan;  442;  266;  176;;  149;  97;  52;  293;;;;;;;;;;;;;;;;;;;;;;;;;;;;
;Nepal-Nepal;  397;  224;  173;;  59;  23;  36;  338;;;;;;;;;;;;;;;;;;;;;;;;;;;;
;_spanya-Spain;  391;  248;  143;;  587;  340;  247;-  196;;;;;;;;;;;;;;;;;;;;;;;;;;;;
;Makedonya-Macedonia;  386;  172;  214;;  273;  158;  115;  113;;;;;;;;;;;;;;;;;;;;;;;;;;;;
;_sveç-Sweden;  374;  168;  206;;  315;  148;  167;  59;;;;;;;;;;;;;;;;;;;;;;;;;;;;
;Kanada-Canada;  366;  179;  187;;  355;  188;  167;  11;;;;;;;;;;;;;;;;;;;;;;;;;;;;
;Tayland-Thailand;  366;  77;  289;;  359;  199;  160;  7;;;;;;;;;;;;;;;;;;;;;;;;;;;;
;Mo_olistan-Mongolia;  358;  153;  205;;  275;  158;  117;  83;;;;;;;;;;;;;;;;;;;;;;;;;;;;
;Kosova-Kosovo;  341;  149;  192;;  294;  154;  140;  47;;;;;;;;;;;;;;;;;;;;;;;;;;;;
;Japonya-Japan;  340;  188;  152;;  411;  230;  181;-  71;;;;;;;;;;;;;;;;;;;;;;;;;;;;
;Gana-Ghana;  326;  276;  50;;  66;  58;  8;  260;;;;;;;;;;;;;;;;;;;;;;;;;;;;
;Brezilya-Brazil;  324;  142;  182;;  168;  83;  85;  156;;;;;;;;;;;;;;;;;;;;;;;;;;;;
;Senegal-Senegal;  323;  254;  69;;  78;  55;  23;  245;;;;;;;;;;;;;;;;;;;;;;;;;;;;
;Danimarka-Denmark;  321;  174;  147;;  264;  142;  122;  57;;;;;;;;;;;;;;;;;;;;;;;;;;;;
;Kamerun-Cameroon;  304;  212;  92;;  121;  87;  34;  183;;;;;;;;;;;;;;;;;;;;;;;;;;;;
;Polonya-Poland;  289;  114;  175;;  425;  158;  267;-  136;;;;;;;;;;;;;;;;;;;;;;;;;;;;
;"Bosna Hersek
Bosnia and Herzegovina";  284;  101;  183;;  180;  97;  83;  104;;;;;;;;;;;;;;;;;;;;;;;;;;;;
;Vietnam-Vietnam;  280;  264;  16;;  161;  150;  11;  119;;;;;;;;;;;;;;;;;;;;;;;;;;;;
;Küba-Cuba;  248;  62;  186;;  84;  27;  57;  164;;;;;;;;;;;;;;;;;;;;;;;;;;;;
;Belçika-Belgium;  239;  118;  121;;  359;  181;  178;-  120;;;;;;;;;;;;;;;;;;;;;;;;;;;;
;"Güney Afrika Cumhuriyeti
Republic of South Africa";  238;  149;  89;;  127;  63;  64;  111;;;;;;;;;;;;;;;;;;;;;;;;;;;;
;Sırbistan-Serbia;  228;  116;  112;;  245;  122;  123;-  17;;;;;;;;;;;;;;;;;;;;;;;;;;;;
;"Kuzey Kıbrıs Türk Cumhuriyeti
Turkish Republic Of North Cyprus";  221;  100;  121;;  398;  216;  182;-  177;;;;;;;;;;;;;;;;;;;;;;;;;;;;
;Avustralya-Australia;  220;  113;  107;;  252;  123;  129;-  32;;;;;;;;;;;;;;;;;;;;;;;;;;;;
;Norveç-Norway;  209;  92;  117;;  234;  101;  133;-  25;;;;;;;;;;;;;;;;;;;;;;;;;;;;
;Kuveyt-Kuwait;  200;  143;  57;;  93;  73;  20;  107;;;;;;;;;;;;;;;;;;;;;;;;;;;;
;Banglade_-Bangladesh;  187;  141;  46;;  95;  77;  18;  92;;;;;;;;;;;;;;;;;;;;;;;;;;;;
;Uganda-Uganda;  167;  76;  91;;  69;  49;  20;  98;;;;;;;;;;;;;;;;;;;;;;;;;;;;
;Çekya-Czechia;  161;  84;  77;;  258;  168;  90;-  97;;;;;;;;;;;;;;;;;;;;;;;;;;;;
;_sviçre-Switzerland;  152;  84;  68;;  106;  50;  56;  46;;;;;;;;;;;;;;;;;;;;;;;;;;;;
;Macaristan-Hungary;  146;  77;  69;;  119;  48;  71;  27;;;;;;;;;;;;;;;;;;;;;;;;;;;;
;Kolombiya-Colombia;  144;  63;  81;;  114;  62;  52;  30;;;;;;;;;;;;;;;;;;;;;;;;;;;;
;Mali-Mali;  140;  115;  25;;  103;  73;  30;  37;;;;;;;;;;;;;;;;;;;;;;;;;;;;
;Malezya-Malaysia;  139;  69;  70;;  146;  74;  72;-  7;;;;;;;;;;;;;;;;;;;;;;;;;;;;
;Finlandiya-Finland;  138;  59;  79;;  167;  64;  103;-  29;;;;;;;;;;;;;;;;;;;;;;;;;;;;
;Litvanya-Lithuania;  127;  40;  87;;  156;  42;  114;-  29;;;;;;;;;;;;;;;;;;;;;;;;;;;;
;Cibuti-Djibouti;  122;  63;  59;;  46;  31;  15;  76;;;;;;;;;;;;;;;;;;;;;;;;;;;;
;Tanzanya-Tanzania;  111;  81;  30;;  81;  63;  18;  30;;;;;;;;;;;;;;;;;;;;;;;;;;;;
;Fildi_i Sahili-Ivory Coast;  107;  63;  44;;  37;  25;  12;  70;;;;;;;;;;;;;;;;;;;;;;;;;;;;
;Meksika-Mexico;  106;  50;  56;;  76;  32;  44;  30;;;;;;;;;;;;;;;;;;;;;;;;;;;;
;Kenya-Kenya;  106;  63;  43;;  101;  70;  31;  5;;;;;;;;;;;;;;;;;;;;;;;;;;;;
;Portekiz-Portugal;  102;  76;  26;;  221;  147;  74;-  119;;;;;;;;;;;;;;;;;;;;;;;;;;;;
;Di_er ülkeler-Other countries; 2 357; 1 491;  866;; 1 842; 1 078;  764;  515;;;;;;;;;;;;;;;;;;;;;;;;;;;;
;Vatansız-Stateless;  35;  21;  14;;  15;  8;  7;  20;;;;;;;;;;;;;;;;;;;;;;;;;;;;
;Bilinmeyen-Unknown;  345;  178;  167;;  304;  108;  196;  41;;;;;;;;;;;;;;;;;;;;;;;;;;;;
Kaynak: TÜ_K, Uluslararası Göç _statistikleri, 2016-2021;;;;;;;;;;;;;;;;;;;;;;;;;;;;;;;;;;;;;
Source: TurkStat, International Migration Statistics, 2016-2021;;;;;;;;;;;;;;;;;;;;;;;;;;;;;;;;;;;;;
"Yabancı uyruklu nüfus kapsamında; referans tarihinde geçerli ikamet veya çalı_ma iznine sahip veya uluslararası koruma kimlik belgesi gibi ikamet izni yerine geçen kimlik belgesi olan ve referans tarihinde geçerli adres beyanı olanlar ile izinle Türk vatanda_lı_ından çıkmı_ referans tarihinde geçerli adres beyanı olan mavi kart hamili ki_iler de_erlendirilmi_tir. Kurs, turizm, bilimsel ara_tırma vb. nedenlerle 3 aydan kısa süreli vize veya ikamet iznine sahip yabancılar ile geçici koruma statüsüyle ülkede bulunan Suriyeliler nüfusa dâhil de_ildir.";;;;;;;;;;;;;;;;;;;;;;;;;;;;;;;;;;;;;
Foreign population covers individuals who are holding a valid residence/work permit at the reference day or who are holding an identity document equivalent to residence permit such as international protection identity document with a valid address declaration at the reference day or who have already renounced his/her Turkish citizenship and residing in the country with a valid address declaration at the reference day. In addition to Syrians under temporary protection, foreigners holding visas or residence permits shorter than 3 months with the purpose of training, tourism, scientific research, etc. are not covered.;;;;;;;;;;;;;;;;;;;;;;;;;;;;;;;;;;;;;
(1) Makedonya'nın adı Kuzey Makedonya olarak kullanılmaya ba_lanmı_tır.;;;;;;;;;;;;;;;;;;;;;;;;;;;;;;;;;;;;;
(1) Macedonia's name started to be used as North Macedonia.;;;;;;;;;;;;;;;;;;;;;;;;;;;;;;;;;;;;;
(2) Fildi_i Sahili'nin adı Kotdivuar olarak kullanılmaya ba_lanmı_tır.;;;;;;;;;;;;;;;;;;;;;;;;;;;;;;;;;;;;;
(2) Ivory Coast's name started to be used as Côte d'Ivoire.;;;;;;;;;;;;;;;;;;;;;;;;;;;;;;;;;;;;;
0 Gerçek sıfır veya kullanılan birimin yarısından azdır.;;;;;;;;;;;;;;;;;;;;;;;;;;;;;;;;;;;;;
0 True zero or magnitude less than half of the unit employed.;;;;;;;;;;;;;;;;;;;;;;;;;;;;;;;;;;;;;